"List of Gazetter Code for ""Kampong Cham""",,,,,,
,,,,,,
Type,Code,"Name (Khmer)","Name (Latin)",Reference,"Official Note","Note (by Checker)"
ស្រុក,301,បាធាយ,Batheay,"ប្រកាសលេខ ៤៩៣ប្រ.ក",,
ឃុំ,30101,បាធាយ,Batheay,"ប្រកាសលេខ ៤៩៣ ប្រ.ក",,
ភូមិ,3010101,ស្វាយពក,"Svay Pok","ប្រកាសលេខ ៤៩៣ ប្រ.ក",,
ភូមិ,3010102,បាធាយ,Batheay,"ប្រកាសលេខ ៤៩៣ ប្រ.ក",,
ភូមិ,3010103,ស្រះព្រីង,"Srah Pring","ប្រកាសលេខ ៤៩៣ ប្រ.ក",,
ភូមិ,3010104,ជ្រែក,Chreaek,"ប្រកាសលេខ ៤៩៣ ប្រ.ក",,
ភូមិ,3010105,ទួល,Tuol,"ប្រកាសលេខ ៤៩៣ ប្រ.ក",,
ភូមិ,3010106,អូរម៉ាល់,"Ou Mal","ប្រកាសលេខ ៤៩៣ ប្រ.ក",,
ឃុំ,30102,ច្បារអំពៅ,"Chbar Ampov","ប្រកាសលេខ ៤៩៣ ប្រ.ក",,
ភូមិ,3010201,ច្បារអំពៅ,"Chbar Ampov","ប្រកាសលេខ ៤៩៣ ប្រ.ក",,
ភូមិ,3010202,ទួលចាន់,"Tuol Chan","ប្រកាសលេខ ៤៩៣ ប្រ.ក",,
ភូមិ,3010203,អន្លង់ជ្រៃ,"Anlong Chrey","ប្រកាសលេខ ៤៩៣ ប្រ.ក",,
ភូមិ,3010204,ស្ទឹងឆ្វេង,"Stueng Chveng","ប្រកាសលេខ ៤៩៣ ប្រ.ក",,
ឃុំ,30103,ជាលា,Chealea,"ប្រកាសលេខ ៤៩៣ ប្រ.ក",,
ភូមិ,3010301,ជាលា,"Chea Lea","ប្រកាសលេខ ៤៩៣ ប្រ.ក",,
ភូមិ,3010302,តាង៉ិល,"Ta Ngil","ប្រកាសលេខ ៤៩៣ ប្រ.ក",,
ភូមិ,3010303,តាំងក្រាំង,"Tang Krang","ប្រកាសលេខ ៤៩៣ ប្រ.ក",,
ភូមិ,3010304,បែកពាង,"Baek Peang","ប្រកាសលេខ ៤៩៣ ប្រ.ក",,
ភូមិ,3010305,ភ្នំធំ,"Phnum Thum","ប្រកាសលេខ ៤៩៣ ប្រ.ក",,
ឃុំ,30104,ជើងព្រៃ,"Cheung Prey","ប្រកាសលេខ ៤៩៣ ប្រ.ក",,
ភូមិ,3010401,ជើងព្រៃ,"Cheung Prey","ប្រកាសលេខ ៤៩៣ ប្រ.ក",,
ភូមិ,3010402,អណ្ដូងស្នាយ,"Andoung Snay","ប្រកាសលេខ ៤៩៣ ប្រ.ក",,
ភូមិ,3010403,"ប្រសូត្រ ""ក""","Prasoutr Ka","ប្រកាសលេខ ៤៩៣ ប្រ.ក","កែឈ្មោះពី ប្រសូត្រ ក ទៅជា ប្រសូត្រ ""ក""",
ភូមិ,3010404,"ប្រសូត្រ ""ខ""","Prasoutr Kha","ប្រកាសលេខ ៤៩៣ ប្រ.ក","កែឈ្មោះពី ប្រសូត្រ ខ ទៅជា ប្រសូត្រ ""ខ""",
ភូមិ,3010405,ត្របែក,Trabaek,"ប្រកាសលេខ ៤៩៣ ប្រ.ក",,
ភូមិ,3010406,ត្រយ៉ងពង,"Trayang Pong","ប្រកាសលេខ ៤៩៣ ប្រ.ក",,
ភូមិ,3010407,ស្រះតាប៉ែន,"Srass Ta Pen","ប្រកាសលេខ​ ១២៣ ប្រ.ក ចុះថ្ងៃទី ០៩​ មករា ២០២៣ របស់ ក្រសួងមហាផ្ទៃ",,
ឃុំ,30105,មេព្រីង,"Me Pring","ប្រកាសលេខ ៤៩៣ ប្រ.ក",,
ភូមិ,3010501,មេព្រីង,"Me Pring","ប្រកាសលេខ ៤៩៣ ប្រ.ក",,
ភូមិ,3010502,តាំងថ្លើង,"Tang Thlaeung","ប្រកាសលេខ ៤៩៣ ប្រ.ក",,
ភូមិ,3010503,តាំងស្រី,"Tang Srei","ប្រកាសលេខ ៤៩៣ ប្រ.ក",,
ភូមិ,3010504,តាំងរលាង,"Tang Roleang","ប្រកាសលេខ ៤៩៣ ប្រ.ក",,
ភូមិ,3010505,ព្រៃកោ,"Prey Kao","ប្រកាសលេខ ៤៩៣ ប្រ.ក",,
ឃុំ,30106,ផ្អាវ,Ph'av,"ប្រកាសលេខ ៤៩៣ ប្រ.ក",,
ភូមិ,3010601,ផ្អាវ,Ph'av,"ប្រកាសលេខ ៤៩៣ ប្រ.ក",,
ភូមិ,3010602,សំរោង,Samraong,"ប្រកាសលេខ ៤៩៣ ប្រ.ក",,
ភូមិ,3010603,តាំងបឹង,"Tang Boeng","ប្រកាសលេខ ៤៩៣ ប្រ.ក",,
ភូមិ,3010604,បាកាល,"Ba Kal","ប្រកាសលេខ ៤៩៣ ប្រ.ក",,
ភូមិ,3010605,ព្រៃញា,"Prey Nhea","ប្រកាសលេខ ៤៩៣ ប្រ.ក",,
ភូមិ,3010606,កណ្ដោល,Kandaol,"ប្រកាសលេខ ៤៩៣ ប្រ.ក",,
ភូមិ,3010607,ផ្សារផ្អាវ,"Psar Pha Ao","ប្រកាសលេខ​ ១២៣ ប្រ.ក ចុះថ្ងៃទី ០៩​ មករា ២០២៣ របស់ ក្រសួងមហាផ្ទៃ",,
ឃុំ,30107,សំបូរ,Sambour,"ប្រកាសលេខ ៤៩៣ ប្រ.ក",,
ភូមិ,3010701,សំបូរ,Sambour,"ប្រកាសលេខ ៤៩៣ ប្រ.ក",,
ភូមិ,3010702,បាលាំង,Balang,"ប្រកាសលេខ ៤៩៣ ប្រ.ក",,
ភូមិ,3010703,វាល,Veal,"ប្រកាសលេខ ៤៩៣ ប្រ.ក",,
ភូមិ,3010704,សង្កើប,Sangkaeub,"ប្រកាសលេខ ៤៩៣ ប្រ.ក",,
ភូមិ,3010705,តាពយ,"Ta Poy","ប្រកាសលេខ ៤៩៣ ប្រ.ក",,
ភូមិ,3010706,ចុង,Chong,"ប្រកាសលេខ ៤៩៣ ប្រ.ក",,
ភូមិ,3010707,តាបែក,"Ta Baek","ប្រកាសលេខ ៤៩៣ ប្រ.ក",,
ភូមិ,3010708,តាពន់,"Ta Pornn","ប្រកាសលេខ​ ១២៣ ប្រ.ក ចុះថ្ងៃទី ០៩​ មករា ២០២៣ របស់ ក្រសួងមហាផ្ទៃ",,
ភូមិ,3010709,ត្រពាំងថ្លា,"Trapang Thlar","ប្រកាសលេខ​ ១២៣ ប្រ.ក ចុះថ្ងៃទី ០៩​ មករា ២០២៣ របស់ ក្រសួងមហាផ្ទៃ",,
ឃុំ,30108,សណ្ដែក,Sandaek,"ប្រកាសលេខ ៤៩៣ ប្រ.ក",,
ភូមិ,3010801,កប៉ាល់,Kakpal,"ប្រកាសលេខ ៤៩៣  ប្រ.ក","កែឈ្មោះពី ក់ប៉ាល់ ទៅជា កប៉ាល់",
ភូមិ,3010802,ពោធិស្ទៀង,"Pou Stieng","ប្រកាសលេខ ៤៩៣ ប្រ.ក","កែឈ្មោះពី ពោធិ៍ស្ទៀង ទៅជា ពោធិស្ទៀង",
ភូមិ,3010803,ស្វាយព្រៃ,"Svay Prey","ប្រកាសលេខ ៤៩៣ ប្រ.ក",,
ភូមិ,3010804,តាំងជ្រៃ,"Tang Chrey","ប្រកាសលេខ ៤៩៣ ប្រ.ក",,
ភូមិ,3010805,ស្រឹង្គ,Sroengk,"ប្រកាសលេខ ៤៩៣ ប្រ.ក",,
ភូមិ,3010806,ត្រពាំងចក,"Trapang Chork","ប្រកាសលេខ​ ១២៣ ប្រ.ក ចុះថ្ងៃទី ០៩​ មករា ២០២៣ របស់ ក្រសួងមហាផ្ទៃ",,
ភូមិ,3010807,បន្ទាយចាស់,"Banteay Chass","ប្រកាសលេខ​ ១២៣ ប្រ.ក ចុះថ្ងៃទី ០៩​ មករា ២០២៣ របស់ ក្រសួងមហាផ្ទៃ",,
ភូមិ,3010808,កកោះ,"Kor Koh","ប្រកាសលេខ​ ១២៣ ប្រ.ក ចុះថ្ងៃទី ០៩​ មករា ២០២៣ របស់ ក្រសួងមហាផ្ទៃ",,
ភូមិ,3010809,ជុំម្សៅ,"Chum Masao","ប្រកាសលេខ​ ១២៣ ប្រ.ក ចុះថ្ងៃទី ០៩​ មករា ២០២៣ របស់ ក្រសួងមហាផ្ទៃ",,
ឃុំ,30109,តាំងក្រាំង,"Tang Krang","ប្រកាសលេខ ៤៩៣ ប្រ.ក",,
ភូមិ,3010901,ភ្នំដិល,"Phnum Del","ប្រកាសលេខ ៤៩៣ ប្រ.ក",,
ភូមិ,3010902,ជើងឆ្នុក,"Cheung Chhnok","ប្រកាសលេខ ៤៩៣ ប្រ.ក",,
ភូមិ,3010903,ត្បូងភ្នំ,"Tboung Phnum","ប្រកាសលេខ ៤៩៣ ប្រ.ក",,
ភូមិ,3010904,ពពិត,Popit,"ប្រកាសលេខ ៤៩៣ ប្រ.ក",,
ភូមិ,3010905,អកទៀង,"Ak Tieng","ប្រកាសលេខ ៤៩៣ ប្រ.ក",,
ភូមិ,3010906,កំពង់ព្រះ,"Kampong Preah","ប្រកាសលេខ ៤៩៣ ប្រ.ក",,
ភូមិ,3010907,តាំងគោក,"Tang Kouk","ប្រកាសលេខ ៤៩៣ ប្រ.ក",,
ភូមិ,3010908,ប្រាសាទ,Prasat,"ប្រកាសលេខ ៤៩៣ ប្រ.ក",,
ឃុំ,30110,តាំងក្រសាំង,"Tang Krasang","ប្រកាសលេខ ៤៩៣ ប្រ.ក",,
ភូមិ,3011001,បឹងវែង,"Boeng Veaeng","ប្រកាសលេខ ៤៩៣ ប្រ.ក",,
ភូមិ,3011002,"ក្រដាស ក","Kradas Ka","ប្រកាសលេខ ៤៩៣ ប្រ.ក",,
ភូមិ,3011003,"ក្រដាស ខ","Kradas Kha","ប្រកាសលេខ ៤៩៣ ប្រ.ក",,
ភូមិ,3011004,ស្ដុកធំ,"Sdok Thum","ប្រកាសលេខ ៤៩៣ ប្រ.ក",,
ភូមិ,3011005,ត្រាវភ្នី,"Trav Phni","ប្រកាសលេខ ៤៩៣ ប្រ.ក",,
ភូមិ,3011006,ខ្វិត,Khvet,"ប្រកាសលេខ ៤៩៣ ប្រ.ក",,
ភូមិ,3011007,បឹង,Boeng,"ប្រកាសលេខ ៤៩៣ ប្រ.ក",,
ភូមិ,3011008,ខ្ទុំ,Khtum,"ប្រកាសលេខ ៤៩៣ ប្រ.ក",,
ភូមិ,3011009,ចាន់,Chan,"ប្រកាសលេខ ៤៩៣ ប្រ.ក",,
ភូមិ,3011010,ជីនាង,"Chi Neang","ប្រកាសលេខ ៤៩៣ ប្រ.ក",,
ភូមិ,3011011,ភ្នំវិហារ,"Phnom Vihear","ប្រកាសលេខ​ ១២៣ ប្រ.ក ចុះថ្ងៃទី ០៩​ មករា ២០២៣ របស់ ក្រសួងមហាផ្ទៃ",,
ឃុំ,30111,ត្រប់,Trab,"ប្រកាសលេខ ៤៩៣ ប្រ.ក",,
ភូមិ,3011101,រោងដំរី,"Roung Damrei","ប្រកាសលេខ ៤៩៣ ប្រ.ក",,
ភូមិ,3011102,កំពោក,Kampouk,"ប្រកាសលេខ ៤៩៣ ប្រ.ក",,
ភូមិ,3011103,ភ្នំតូច,"Phnum Touch","ប្រកាសលេខ ៤៩៣ ប្រ.ក",,
ភូមិ,3011104,ទំព្រង,"Tum Prong","ប្រកាសលេខ ៤៩៣ ប្រ.ក",,
ភូមិ,3011105,ថ្មី,Thmei,"ប្រកាសលេខ ៤៩៣ ប្រ.ក",,
ភូមិ,3011106,ពោធិឫស្សី,"Pou Ruessei","ប្រកាសលេខ ៤៩៣ ប្រ.ក","កែឈ្មោះពី ពោធី៍ឬស្សី ទៅជា ពោធិឬស្សី",
ភូមិ,3011107,ត្រប់,Trab,"ប្រកាសលេខ ៤៩៣ ប្រ.ក",,
ភូមិ,3011108,ចាន់គង់,"Chan Kong","ប្រកាសលេខ ៤៩៣ ប្រ.ក",,
ភូមិ,3011109,ថ្កូវ,Thkov,"ប្រកាសលេខ ៤៩៣ ប្រ.ក",,
ភូមិ,3011110,ថ្មកែវ,"Thma Kaev","ប្រកាសលេខ ៤៩៣ ប្រ.ក",,
ភូមិ,3011111,រោធ,Rout,"ប្រកាសលេខ ៤៩៣ ប្រ.ក",,
ឃុំ,30112,ទំនប់,Tumnob,"ប្រកាសលេខ ៤៩៣ ប្រ.ក",,
ភូមិ,3011201,ទំនប់លើ,"Tumnob Leu","ប្រកាសលេខ ៤៩៣ ប្រ.ក",,
ភូមិ,3011202,ប្រយុក,Prayuk,"ប្រកាសលេខ ៤៩៣ ប្រ.ក",,
ភូមិ,3011203,ដូនប៉ែន,"Doun Paen","ប្រកាសលេខ ៤៩៣ ប្រ.ក",,
ភូមិ,3011204,រូង,Rung,"ប្រកាសលេខ ៤៩៣ ប្រ.ក",,
ភូមិ,3011205,ប្រសាំ,Prasam,"ប្រកាសលេខ ៤៩៣ ប្រ.ក",,
ភូមិ,3011206,ស្រឹង្គ,Sroengk,"ប្រកាសលេខ ៤៩៣ ប្រ.ក",,
ភូមិ,3011207,ត្រពាំងស្នោ,"Trapeang Snao","ប្រកាសលេខ ៤៩៣ ប្រ.ក",,
ស្រុក,302,ចំការលើ,"Chamkar Leu","ប្រកាសលេខ ៤៩៣ ប្រ.ក",,
ឃុំ,30201,បុសខ្នុរ,"Bos Khnor","ប្រកាសលេខ ៤៩៣ ប្រ.ក",,
ភូមិ,3020101,សារ៉ាយ,Saray,"ប្រកាសលេខ ៤៩៣ ប្រ.ក",,
ភូមិ,3020102,ដូនធី,"Doun Thi","ប្រកាសលេខ ៤៩៣ ប្រ.ក",,
ភូមិ,3020103,ថ្លុកក្រវ៉ាន់,"Thlok Kravan","ប្រកាសលេខ ៤៩៣ ប្រ.ក",,
ភូមិ,3020104,វាលធ្នង់,"Veal Thnong","ប្រកាសលេខ ៤៩៣ ប្រ.ក",,
ភូមិ,3020105,បុសខ្នុរ,"Bos Khnor","ប្រកាសលេខ ៤៩៣ ប្រ.ក",,
ភូមិ,3020106,ច្រណោម,Chranaom,"ប្រកាសលេខ ៤៩៣ ប្រ.ក",,
ភូមិ,3020107,ប្រសើរ,Prasaeur,"ប្រកាសលេខ ៤៩៣ ប្រ.ក",,
ភូមិ,3020108,១០មករា,"Dab Meakkakra","ប្រកាសលេខ ៤៩៣ ប្រ.ក",,
ភូមិ,3020109,សាមគ្គី,Sameakki,"ប្រកាសលេខ ៤៩៣ ប្រ.ក",,
ភូមិ,3020110,ចំការកប្បាស,"Chamkar Kabbas","ប្រកាសលេខ ៤៩៣ ប្រ.ក",,
ភូមិ,3020111,៣៥,Samsebpram,"ប្រកាសលេខ ៤៩៣ ប្រ.ក","កែឈ្មោះពី សាមសិបប្រាំ ទៅជា ៣៥",
ភូមិ,3020112,បាំង១,"Bang 1",​ប្រកាសលេខ៥៦៧ប្រក,ភូមិថ្មី,
ភូមិ,3020113,បាំង២,"Bang 2",​ប្រកាសលេខ៥៦៧ប្រក,ភូមិថ្មី,
ភូមិ,3020114,បុសខ្នរលើ,"Bos Khnor Leu",​ប្រកាសលេខ៥៦៧ប្រក,បំបែកចេញពីភូមិបុសខ្នុរ,
ភូមិ,3020115,១០មករាលើ,"Dab Meakkakra Leu",​ប្រកាសលេខ៥៦៧ប្រក,បំបែកចេញពីភូមិ១០មករា,
ឃុំ,30202,ចំការអណ្ដូង,"Chamkar Andoung","ប្រកាសលេខ ៤៩៣ ប្រ.ក",,
ភូមិ,3020201,ចំការអណ្ដូង,"Chamkar Andoung","ប្រកាសលេខ ៤៩៣ ប្រ.ក",,
ភូមិ,3020202,សូរជៃ,Souchey,"ប្រកាសលេខ ៤៩៣ ប្រ.ក","កែឈ្មោះពី សូរជ័យ ទៅជា សូរជៃ",
ភូមិ,3020203,ស្វាយជួរ,"Svay Chuor","ប្រកាសលេខ ៤៩៣ ប្រ.ក",,
ភូមិ,3020204,អូរក្រវ៉ាន់,"Ou Kravan","ប្រកាសលេខ ៤៩៣ ប្រ.ក",,
ភូមិ,3020205,ដូនបុស្ស,"Doun Bos","ប្រកាសលេខ ៤៩៣ ប្រ.ក",,
ភូមិ,3020206,ជាំជ្រៃ,"Choam Chrey","ប្រកាសលេខ ៤៩៣ ប្រ.ក",,
ភូមិ,3020207,ប្រើសមាស,"Praeus Meas","ប្រកាសលេខ ៤៩៣ ប្រ.ក",,
ភូមិ,3020209,ភូមិ១១,"Phum Dab Muoy","ប្រកាសលេខ ៤៩៣ ប្រ.ក",,
ភូមិ,3020211,ភូមិ២២,"Phum Mphey Pir","ប្រកាសលេខ ៤៩៣ ប្រ.ក",,
ភូមិ,3020212,តាប្រ៉ុក,"Ta Prok","ប្រកាសលេខ ៤៩៣ ប្រ.ក",,
ភូមិ,3020213,"ភូមិលេខ ១","Phum Lekh Muoy","ប្រកាសលេខ ៤៩៣ ប្រ.ក",,
ភូមិ,3020215,សហគ្រាន់,"Sahak Kroan","ប្រកាសលេខ ៤៩៣ ប្រ.ក",,
ភូមិ,3020216,ស្រោងចាន់,"Sraong Chan","ប្រកាសលេខ ៤៩៣ ប្រ.ក",,
ឃុំ,30203,ជយោ,Cheyyou,"ប្រកាសលេខ ៤៩៣ ប្រ.ក",,
ភូមិ,3020301,"ស្ពឺ ""ក""","Spueu Ka","ប្រកាសលេខ ៤៩៣ ប្រ.ក","កែឈ្មោះពី ស្ពឺក ទៅជា ស្ពឺ ""ក""",
ភូមិ,3020302,ជយោ,Cheyyou,"ប្រកាសលេខ ៤៩៣ ប្រ.ក",,
ភូមិ,3020303,អូរប៉ិះ,"Ou Peh","ប្រកាសលេខ ៤៩៣ ប្រ.ក",,
ភូមិ,3020304,ត្រពាំងឫស្សី,"Trapeang Ruessei","ប្រកាសលេខ ៤៩៣ ប្រ.ក",,
ភូមិ,3020305,ត្រពាំងល្ពៅ,"Trapeang Lpov","ប្រកាសលេខ ៤៩៣ ប្រ.ក",,
ភូមិ,3020306,ជយោត្បូង,"Cheyyou Tboung",​ប្រកាសលេខ៥៦៧ប្រក,បំបែកចេញពីភូមិជយោ,
ភូមិ,3020307,អកមោក,"Ak Mouk",​ប្រកាសលេខ៥៦៧ប្រក,បំបែកចេញពីភូមិស្ពឺ-ក-,
ឃុំ,30204,ល្វាលើ,"Lvea Leu","ប្រកាសលេខ ៤៩៣ ប្រ.ក",,
ភូមិ,3020401,ក្បាលហុងថ្មី,"Kbal Hong Thmei","ប្រកាសលេខ ៤៩៣ ប្រ.ក",,
ភូមិ,3020402,ក្បាលហុងចាស់,"Kbal Hong Chas","ប្រកាសលេខ ៤៩៣ ប្រ.ក",,
ភូមិ,3020403,ក្រឡែងកើត,"Kralaeng Kaeut","ប្រកាសលេខ ៤៩៣ ប្រ.ក","កែឈ្មោះពី ក្រលែងកើត ទៅជា ក្រឡែងកើត",
ភូមិ,3020404,ក្រឡែងលិច,"Kralaeng Lech","ប្រកាសលេខ ៤៩៣ ប្រ.ក","កែឈ្មោះពី ក្រលែងលិច ទៅជា ក្រឡែងលិច",
ភូមិ,3020405,ល្វាជើង,"Lvea Cheung","ប្រកាសលេខ ៤៩៣ ប្រ.ក",,
ភូមិ,3020406,ល្វាត្បូង,"Lvea Tboung","ប្រកាសលេខ ៤៩៣ ប្រ.ក",,
ភូមិ,3020407,"ភូមិ បី","Phum Bei","ប្រកាសលេខ ៤៩៣ ប្រ.ក",,
ឃុំ,30205,ស្ពឺ,Spueu,"ប្រកាសលេខ ៤៩៣ ប្រ.ក",,
ភូមិ,3020501,បន្ទាយជ័យ,"Banteay Chey","ប្រកាសលេខ ៤៩៣ ប្រ.ក",,
ភូមិ,3020502,ពព្រេង,Popreng,"ប្រកាសលេខ ៤៩៣ ប្រ.ក",,
ភូមិ,3020503,អូរវាយ,"Ou Veay","ប្រកាសលេខ ៤៩៣ ប្រ.ក",,
ភូមិ,3020504,ពែងមាសជើង,"Peaeng Meas Cheung","ប្រកាសលេខ ៤៩៣ ប្រ.ក",,
ភូមិ,3020505,ពែងមាសត្បូង,"Peaeng Meas Tboung","ប្រកាសលេខ ៤៩៣ ប្រ.ក",,
ភូមិ,3020506,ស្ពឺលិច,"Spueu Lech","ប្រកាសលេខ ៤៩៣ ប្រ.ក",,
ភូមិ,3020507,ស្ពឺកើត,"Spueu Kaeut","ប្រកាសលេខ ៤៩៣ ប្រ.ក",,
ភូមិ,3020508,វាល,Veal,"ប្រកាសលេខ ៤៩៣ ប្រ.ក",,
ឃុំ,30206,ស្វាយទាប,"Svay Teab","ប្រកាសលេខ ៤៩៣ ប្រ.ក",,
ភូមិ,3020601,ត្រពាំងបេង,"Trapeang Beng","ប្រកាសលេខ ៤៩៣ ប្រ.ក",,
ភូមិ,3020602,ប្រម៉ាត់ដី,"Pramat Dei","ប្រកាសលេខ ៤៩៣ ប្រ.ក",,
ភូមិ,3020603,វាលរីលិច,"Veal Ri Lech","ប្រកាសលេខ ៤៩៣ ប្រ.ក",,
ភូមិ,3020604,ស្វាយទាប,"Svay Teab","ប្រកាសលេខ ៤៩៣ ប្រ.ក",,
ភូមិ,3020605,ព្រឹក្ស,Proeks,"ប្រកាសលេខ ៤៩៣ ប្រ.ក",,
ភូមិ,3020606,ថ្នល់បែកលិច,"Thnal Baek Lech","ប្រកាសលេខ ៤៩៣ ប្រ.ក",,
ភូមិ,3020607,តាំងក្រង់,"Tang Krang","ប្រកាសលេខ ៤៩៣ ប្រ.ក",,
ភូមិ,3020608,មហា,Moha,"ប្រកាសលេខ ៤៩៣ ប្រ.ក",,
ភូមិ,3020609,បុសថ្លាន់,"Bos Thlan","ប្រកាសលេខ ៤៩៣ ប្រ.ក",,
ភូមិ,3020610,ស្រែព្រាល,"Srae Preal","ប្រកាសលេខ ៤៩៣ ប្រ.ក",,
ភូមិ,3020611,អូរដា,"Ou Da","ប្រកាសលេខ ៤៩៣ ប្រ.ក","កែឈ្មោះពី អូរដារ ទៅជា អូរដា",
ភូមិ,3020612,ថ្នល់បែកកើត,"Thnal Baek Kaeut","ប្រកាសលេខ ៤៩៣ ប្រ.ក",,
ភូមិ,3020613,វាលរីកើត,"Veal Ri Kaeut","ប្រកាសលេខ ៤៩៣ ប្រ.ក",,
ភូមិ,3020614,ភូមិ៧៧,"Phum Chetseb Prampir","ប្រកាសលេខ ៤៩៣ ប្រ.ក",,
ភូមិ,3020615,ថ្នល់បែកជើង,"Thnal Baek Cheung",​ប្រកាសលេខ៥៦៧ប្រក,បំបែកចេញពីភូមិថ្នល់បែកកើត,
ភូមិ,3020616,ថ្នល់បត់,"Thnal Bat",​ប្រកាសលេខ៥៦៧ប្រក,បំបែកចេញពីភូមិតាំងក្រង់,
ភូមិ,3020617,បុស្សចេកព្រៃ,"Bos Chek Prey",​ប្រកាសលេខ៥៦៧ប្រក,បំបែកចេញពីភូមិថ្នល់បែកលិច,
ឃុំ,30207,តាអុង,"Ta Ong","ប្រកាសលេខ ៤៩៣ ប្រ.ក",,
ភូមិ,3020701,តាអុង,"Ta Ong","ប្រកាសលេខ ៤៩៣ ប្រ.ក",,
ភូមិ,3020702,សំពរ័,Sampoar,"ប្រកាសលេខ ៤៩៣ ប្រ.ក",,
ភូមិ,3020703,ទួលប្រាក់,"Tuol Prak","ប្រកាសលេខ ៤៩៣ ប្រ.ក",,
ភូមិ,3020704,ទួលមាស,"Tuol Meas","ប្រកាសលេខ ៤៩៣ ប្រ.ក",,
ភូមិ,3020705,ទួលប៉ែន,"Tuol Paen","ប្រកាសលេខ ៤៩៣ ប្រ.ក",,
ភូមិ,3020706,ចំរើនផល,"Chamraeun Phal","ប្រកាសលេខ ៤៩៣ ប្រ.ក",,
ភូមិ,3020707,ត្រពាំងឈូក,"Trapeang Chhuk","ប្រកាសលេខ ៤៩៣ ប្រ.ក",,
ភូមិ,3020708,ទួលស្រូវ,"Tuol Srov","ប្រកាសលេខ ៤៩៣ ប្រ.ក",,
ភូមិ,3020709,"ភូមិ ៣០","Phum Samseb","ប្រកាសលេខ ៤៩៣ ប្រ.ក",,
ភូមិ,3020713,"ភូមិ ៣៤","Phum Sambuon","ប្រកាសលេខ ៤៩៣ ប្រ.ក",,
ភូមិ,3020714,អំពិលជួរ,"Ampil Chuor",​ប្រកាសលេខ៥៦៧ប្រក,បំបែកចេញពីភូមិតាអុង,
ភូមិ,3020715,ឆាំឆា,"Chham Chha",​ប្រកាសលេខ៥៦៧ប្រក,បំបែកចេញពីភូមិសំព័រ,
ឃុំ,30208,តាប្រុក,"Ta Prok","ប្រកាសលេខ ៤៩៣ ប្រ.ក",,
ភូមិ,3020801,ស្រែប្រាំង,"Srae Prang","ប្រកាសលេខ ៤៩៣ ប្រ.ក",,
ភូមិ,3020802,រំចេក,Rumchek,"ប្រកាសលេខ ៤៩៣ ប្រ.ក",,
ភូមិ,3020803,នាងលើង,"Neang Leung","ប្រកាសលេខ ៤៩៣ ប្រ.ក",,
ភូមិ,3020804,ស្វាយទាប,"Svay Teab","ប្រកាសលេខ ៤៩៣ ប្រ.ក",,
ភូមិ,3020805,អូរតាសែង,"Ou Ta Saeng","ប្រកាសលេខ ៤៩៣ ប្រ.ក",,
ភូមិ,3020806,ឈូក,Chhuk,"ប្រកាសលេខ ៤៩៣ ប្រ.ក",,
ភូមិ,3020807,ផ្លាក,Phlak,"ប្រកាសលេខ ៤៩៣ ប្រ.ក",,
ភូមិ,3020808,តាប៉ាង១,"Ta Pang 1",​ប្រកាសលេខ៥៦៧ប្រក,ភូមិថ្មី,
ភូមិ,3020809,តាប៉ាង២,"Ta Pang 1",​ប្រកាសលេខ៥៦៧ប្រក,ភូមិថ្មី,
ភូមិ,3020810,តាប៉ាង៣,"Ta Pang 1",​ប្រកាសលេខ៥៦៧ប្រក,ភូមិថ្មី,
ភូមិ,3020811,តាប៉ាង៤,"Ta Pang 1",​ប្រកាសលេខ៥៦៧ប្រក,ភូមិថ្មី,
ស្រុក,303,ជើងព្រៃ,"Cheung Prey","ប្រកាសលេខ ៤៩៣ប្រ.ក",,
ឃុំ,30301,ខ្នុរដំបង,"Khnor Dambang","លេខ ៤៩៣ ប្រ.ក ចុះថ្ងៃទី​៣០​ ខែមេសា ឆ្នាំ២០០១",,
ភូមិ,3030101,រវៀង,Rovieng,"ប្រកាសលេខ ៤៩៣ ប្រ.ក",,
ភូមិ,3030102,ខ្នុរដំបង,"Khnor Dambang","ប្រកាសលេខ ៤៩៣ ប្រ.ក",,
ភូមិ,3030103,វាល,Veal,"ប្រកាសលេខ ៤៩៣ ប្រ.ក",,
ឃុំ,30302,គោករវៀង,"Kouk Rovieng","លេខ ៤៩៣ ប្រ.ក",,
ភូមិ,3030201,គោករវៀង,"Kouk Rovieng","ប្រកាសលេខ ៤៩៣ ប្រ.ក",,
ភូមិ,3030202,ទទោល,Totoul,"ប្រកាសលេខ ៤៩៣ ប្រ.ក",,
ភូមិ,3030203,បាគ្រង,"Ba Krong","ប្រកាសលេខ ៤៩៣ ប្រ.ក",,
ភូមិ,3030204,ឈូក,Chhuk,"ប្រកាសលេខ ៤៩៣ ប្រ.ក",,
ឃុំ,30303,ផ្ដៅជុំ,"Pdau Chum","ប្រកាសលេខ ៤៩៣ ប្រ.ក",,
ភូមិ,3030301,ផ្ដៅជុំលិច,"Phdau Chum Lech","ប្រកាសលេខ ៤៩៣ ប្រ.ក",,
ភូមិ,3030302,ផ្ដៅជុំកើត,"Phdau Chum Kaeut","ប្រកាសលេខ ៤៩៣ ប្រ.ក",,
ភូមិ,3030303,ឈើទាល,"Chheu Teal","ប្រកាសលេខ ៤៩៣ ប្រ.ក",,
ភូមិ,3030304,ចាំនាង,"Cham Neang","ប្រកាសលេខ ៤៩៣ ប្រ.ក",,
ឃុំ,30304,ព្រៃចារ,"Prey Char","ប្រកាសលេខ ៤៩៣ ប្រ.ក",,
ភូមិ,3030401,ពៅ្នលិច,"Pnov Lech","ប្រកាសលេខ ៤៩៣ ប្រ.ក",,
ភូមិ,3030402,ពៅ្នកើត,"Pnov Kaeut","ប្រកាសលេខ ៤៩៣ ប្រ.ក",,
ភូមិ,3030403,ព្រៃចារក្រៅ,"Prey Char Krau","ប្រកាសលេខ ៤៩៣ ប្រ.ក",,
ភូមិ,3030404,សៀមបោយ,"Siem Baoy","ប្រកាសលេខ ៤៩៣ ប្រ.ក",,
ភូមិ,3030405,បាទី,Bati,"ប្រកាសលេខ ៤៩៣ ប្រ.ក",,
ភូមិ,3030406,ព្រៃចារក្នុង,"Prey Char Knong","ប្រកាសលេខ ៤៩៣ ប្រ.ក",,
ឃុំ,30305,ព្រីងជ្រុំ,"Pring Chrum","ប្រកាសលេខ ៤៩៣ ប្រ.ក",,
ភូមិ,3030501,ព្រីងជ្រុំ,"Pring Chrum","ប្រកាសលេខ ៤៩៣ ប្រ.ក",,
ភូមិ,3030502,ត្រពាំងទឹម,"Trapeang Tuem","ប្រកាសលេខ ៤៩៣ ប្រ.ក",,
ភូមិ,3030503,ត្រពាំងផ្អាវ,"Trapeang Ph'av","ប្រកាសលេខ ៤៩៣ ប្រ.ក",,
ភូមិ,3030504,តានី,"Ta Ni","ប្រកាសលេខ ៤៩៣ ប្រ.ក",,
ភូមិ,3030505,កោះចំប៉ា,"Kaoh Champa","ប្រកាសលេខ ៤៩៣ ប្រ.ក",,
ឃុំ,30306,សំពងជ័យ,"Sampong Chey","ប្រកាសលេខ ៤៩៣ ប្រ.ក",,
ភូមិ,3030601,ចំបក់,Chambak,"ប្រកាសលេខ ៤៩៣ ប្រ.ក",,
ភូមិ,3030602,ត្រពាំងស្លា,"Trapeang Sla","ប្រកាសលេខ ៤៩៣ ប្រ.ក",,
ភូមិ,3030603,ត្រពាំងត្រុំ,"Trapeang Trom","ប្រកាសលេខ ៤៩៣ ប្រ.ក",,
ភូមិ,3030604,អំពិលទ្វារ,"Ampil Tvear","ប្រកាសលេខ ៤៩៣ ប្រ.ក",,
ភូមិ,3030605,កកោះ,Kakaoh,"ប្រកាសលេខ ៤៩៣ ប្រ.ក",,
ភូមិ,3030606,បុស្សតាមុំ,"Bos Ta Mom","ប្រកាសលេខ ៤៩៣ ប្រ.ក",,
ភូមិ,3030607,ត្រពាំងឈូក,"Trapeang Chhuk","ប្រកាសលេខ ៤៩៣ ប្រ.ក",,
ភូមិ,3030608,ពោធិ,Pou,"ប្រកាសលេខ ៤៩៣ ប្រ.ក","កែឈ្មោះពី ពោធិ៍ ទៅជា ពោធិ",
ភូមិ,3030609,បាខម,Bakham,"ប្រកាសលេខ ៤៩៣ ប្រ.ក",,
ភូមិ,3030610,សំពងជ័យ,"Sampong Chey","ប្រកាសលេខ ៤៩៣ ប្រ.ក",,
ភូមិ,3030611,ស្វាយមាស,"Svay Meas","ប្រកាសលេខ ៤៩៣ ប្រ.ក",,
ភូមិ,3030612,កុមារ,Komar,"ប្រកាសលេខ ៤៩៣ ប្រ.ក",,
ភូមិ,3030613,ដូន្ដោ,"Doun Tao","ប្រកាសលេខ ៤៩៣ ប្រ.ក",,
ភូមិ,3030614,សណ្ដែក,Sandaek,"ប្រកាសលេខ ៤៩៣ ប្រ.ក",,
ឃុំ,30307,ស្ដើងជ័យ,"Sdaeung Chey","ប្រកាសលេខ ៤៩៣ ប្រ.ក",,
ភូមិ,3030701,ពង្រ,Pongro,"ប្រកាសលេខ ៤៩៣ ប្រ.ក",,
ភូមិ,3030702,ស្ដើងជ័យ,"Sdaeung Chey","ប្រកាសលេខ ៤៩៣ ប្រ.ក",,
ភូមិ,3030703,ប្របឹង,"Pra Boeng","ប្រកាសលេខ ៤៩៣ ប្រ.ក",,
ភូមិ,3030704,ខ្នារ,Khnar,"ប្រកាសលេខ ៤៩៣ ប្រ.ក",,
ភូមិ,3030705,សង្កែ,Sangkae,"ប្រកាសលេខ ៤៩៣ ប្រ.ក",,
ភូមិ,3030706,ក្ដុយ,Kdoy,"ប្រកាសលេខ ៤៩៣ ប្រ.ក",,
ភូមិ,3030707,ដំណាក់អំពិល,"Damnak Ampil","ប្រកាសលេខ ៤៩៣ ប្រ.ក",,
ឃុំ,30308,សូទិព្វ,Soutib,"ប្រកាសលេខ ៤៩៣ ប្រ.ក",,
ភូមិ,3030801,ប៉ាណា,Pana,"ប្រកាសលេខ ៤៩៣ ប្រ.ក",,
ភូមិ,3030802,ស្គន់,Skon,"ប្រកាសលេខ ៤៩៣ ប្រ.ក",,
ភូមិ,3030803,ថ្មី,Thmei,"ប្រកាសលេខ ៤៩៣ ប្រ.ក",,
ភូមិ,3030804,តាសែន,"Ta Saen","ប្រកាសលេខ ៤៩៣ ប្រ.ក",,
ភូមិ,3030805,ង៉ូង,Ngoung,"ប្រកាសលេខ ៤៩៣ ប្រ.ក",,
ភូមិ,3030806,ដូនដុំ,"Doun Dom","ប្រកាសលេខ ៤៩៣ ប្រ.ក",,
ភូមិ,3030807,បឹងជ្រោយ,"Boeng Chrouy","ប្រកាសលេខ ៤៩៣ ប្រ.ក",,
ភូមិ,3030808,សូទិព្វ,Soutib,"ប្រកាសលេខ ៤៩៣ ប្រ.ក","កែឈ្មោះពី សូទិប ទៅជា សូទិព្វ",
ឃុំ,30309,ស្រម៉រ,Sramar,"ប្រកាសេលខ ៤៩៣ ប្រ.ក",,
ភូមិ,3030901,ស្រាមលិច,"Sram Lech","ប្រកាសលេខ ៤៩៣ ប្រ.ក",,
ភូមិ,3030902,ស្រាមកើត,"Sram Kaeut","ប្រកាសលេខ ៤៩៣ ប្រ.ក",,
ភូមិ,3030903,ស្រាមជើង,"Sram Cheung","ប្រកាសលេខ ៤៩៣ ប្រ.ក",,
ភូមិ,3030904,ភូមិថ្មី,PhumThmei,"ប្រកាសលេខ ៤៩៣ ប្រ.ក",,
ភូមិ,3030905,ស្រម៉រ,Sramar,"ប្រកាសលេខ ៤៩៣ ប្រ.ក",,
ភូមិ,3030906,សង្កែពង,"Sangkae Pong","ប្រកាសលេខ ៤៩៣ ប្រ.ក",,
ភូមិ,3030907,ប្រខ្នោរ,"Pra Khnaor","ប្រកាសលេខ ៤៩៣ ប្រ.ក",,
ភូមិ,3030908,ក្រឡាញ់,Kralanh,"ប្រកាសលេខ ៤៩៣ ប្រ.ក",,
ភូមិ,3030909,ប្រធាតុ,Pratheat,"ប្រកាសលេខ ៤៩៣ ប្រ.ក",,
ភូមិ,3030910,ត្រពាំងត្មាត,"Trapeang Tmat","ប្រកាសលេខ ៤៩៣ ប្រ.ក",,
ភូមិ,3030911,ស្រាមអង្កាម,"Sram Angkam","ប្រកាសលេខ ៤៩៣ ប្រ.ក",,
ភូមិ,3030912,អណ្ដូងត្រាំង,"Andoung Treang","ប្រកាសលេខ ៤៩៣ ប្រ.ក",,
ភូមិ,3030913,ត្រពាំងស្នោ,"Trapeang Snao","ប្រកាសលេខ ៤៩៣ ប្រ.ក",,
ឃុំ,30310,ត្រពាំងគរ,"Trapeang Kor","ប្រកាសលេខ ៤៩៣ ប្រ.ក",,
ភូមិ,3031001,ត្រពាំងថ្ម,"Trapeang Thma","ប្រកាសលេខ ៤៩៣ ប្រ.ក",,
ភូមិ,3031002,ស្អាង,S'ang,"ប្រកាសលេខ ៤៩៣ ប្រ.ក",,
ភូមិ,3031003,អង្គ,Angk,"ប្រកាសលេខ ៤៩៣ ប្រ.ក",,
ភូមិ,3031004,ប្រទេន,Praten,"ប្រកាសលេខ ៤៩៣ ប្រ.ក",,
ភូមិ,3031005,ទម្ពរ,Tumpor,"ប្រកាសលេខ ៤៩៣ ប្រ.ក",,
ភូមិ,3031006,ត្នោតបាក់,"Tnaot Bak","ប្រកាសលេខ ៤៩៣ ប្រ.ក",,
ភូមិ,3031007,កណ្ដាល,Kandal,"ប្រកាសលេខ ៤៩៣ ប្រ.ក",,
ភូមិ,3031008,អារក្ស,Areaks,"ប្រកាសលេខ ៤៩៣ ប្រ.ក",,
ភូមិ,3031009,ត្រពាំងគរ,"Trapeang Kor","ប្រកាសលេខ ៤៩៣ ប្រ.ក",,
ភូមិ,3031010,ក្ងោក,Kngaok,"ប្រកាសលេខ ៤៩៣ ប្រ.ក",,
ក្រុង,305,កំពង់ចាម,"Kampong Cham","អនុក្រឹត្យលេខ ២៣០អនក្រ.បក","អនុក្រឹត្យលេខ ២៣០អនក្រ.បក ស្តីពីការប្តូរស្រុកកំពង់ចាម ទៅជាក្រុងកំពង់ចាម",
សង្កាត់,30501,បឹងកុក,"Boeng Kok","ប្រកាសលេខ ៤៩៣ ប្រ.ក",,
ភូមិ,3050101,"បឹងកុកទី ១","Boeng Kok Ti Muoy","អនុក្រឹតលេខ ២៣០ អ.នក្រ.បក",,
ភូមិ,3050102,"បឹងកុកទី ២","Boeng Kok Ti Pir","អនុក្រឹតលេខ ២៣០ អ.នក្រ.បក",,
ភូមិ,3050103,"ចុងថ្នល់ ទី១","Chong Thnal Ti Muoy","អនុក្រឹតលេខ ២៣០ អ.នក្រ.បក",,
ភូមិ,3050104,"ចុងថ្នល់ ទី២","Chong Thnal Ti Pir","អនុក្រឹតលេខ ២៣០ អ.នក្រ.បក",,
ភូមិ,3050105,ឡឥដ្ឋ,"La Edth","អនុក្រឹតលេខ ២៣០ អ.នក្រ.បក",,
ភូមិ,3050106,ជ្រោយថ្ម,"Chrouy Thma","អនុក្រឹតលេខ ២៣០ អ.នក្រ.បក",,
ភូមិ,3050107,មេម៉ាយ,Memay,"អនុក្រឹតលេខ ២៣០ អ.នក្រ.បក",,
ភូមិ,3050108,បឹងកុកទី៣,"Boeng Kok Ti Bey","ប្រកាសលេខ​ ១២៣ ប្រ.ក ចុះថ្ងៃទី ០៩​ មករា ២០២៣ របស់ ក្រសួងមហាផ្ទៃ",,
សង្កាត់,30502,កំពង់ចាម,"Kampong Cham","ប្រកាសលេខ ៤៩៣ ប្រ.ក",,
ភូមិ,3050201,"ភូមិ ទី ៧","Phum Ti Prampir","អនុក្រឹតលេខ ២៣០ អ.នក្រ.បក",,
ភូមិ,3050202,"ភូមិ ទី ៨","Phum Ti Prambei","អនុក្រឹតលេខ ២៣០ អ.នក្រ.បក",,
ភូមិ,3050203,"ភូមិ ទី ៩","Phum Ti Prambuon","អនុក្រឹតលេខ ២៣០ អ.នក្រ.បក",,
ភូមិ,3050204,"ភូមិ ទី ១០","Phum Ti Dab","អនុក្រឹតលេខ ២៣០ អ.នក្រ.បក",,
ភូមិ,3050205,"ភូមិ ទី ១១","Phum Ti Dabmuoy","អនុក្រឹតលេខ ២៣០ អ.នក្រ.បក",,
ភូមិ,3050206,"ភូមិ ទី ១២","Phum Ti Dabpir","អនុក្រឹតលេខ ២៣០ អ.នក្រ.បក",,
ភូមិ,3050207,"ភូមិ ទី ១៣","Phum Ti Dabbei","អនុក្រឹតលេខ ២៣០ អ.នក្រ.បក",,
ភូមិ,3050208,"ភូមិ ទី ១៤","Phum Ti Dabbuon","អនុក្រឹតលេខ ២៣០ អ.នក្រ.បក",,
ភូមិ,3050209,"ភូមិ ទី ១៥","Phum Ti Dabpram","អនុក្រឹតលេខ ២៣០ អ.នក្រ.បក",,
សង្កាត់,30503,សំបួរមាស,"Sambuor Meas","ប្រកាសលេខ ៤៩៣ ប្រ.ក",,
ភូមិ,3050301,រកាលើ,"Roka Leu","អនុក្រឹតលេខ ២៣០ អ.នក្រ.បក",,
ភូមិ,3050302,រកាក្រោម,"Roka Kraom","អនុក្រឹតលេខ ២៣០ អ.នក្រ.បក",,
ភូមិ,3050303,នាងគង្ហីង,"Neang Konghing","អនុក្រឹតលេខ ២៣០ អ.នក្រ.បក",,
ភូមិ,3050304,បឹងបាសាក់,"Boeng Basak","អនុក្រឹតលេខ ២៣០ អ.នក្រ.បក",,
ភូមិ,3050305,ចំការខ្ពប,"Chamkar Khpob","អនុក្រឹតលេខ ២៣០ អ.នក្រ.បក",,
ភូមិ,3050306,បឹងស្នាយ,"Boeng Snay","អនុក្រឹតលេខ ២៣០ អ.នក្រ.បក",,
ភូមិ,3050307,ព្រែកដើមចាន់,"Preaek Daeum Chan","អនុក្រឹតលេខ ២៣០ អ.នក្រ.បក",,
ភូមិ,3050308,ព្រែកជីក,"Preaek Chik","អនុក្រឹតលេខ ២៣០ អ.នក្រ.បក",,
ភូមិ,3050309,កំពង់រលីង,"Kampong Roling","អនុក្រឹតលេខ ២៣០ អ.នក្រ.បក",,
ភូមិ,3050310,តាណេង,"Ta Neng","ប្រកាសលេខ ១២១៦ ប្រ.ក",ភូមិថ្មី,
សង្កាត់,30504,វាលវង់,"Veal Vong","ប្រកាសលេខ ៤៩៣ ប្រ.ក",,
ភូមិ,3050401,"ភូមិ ទី ១","Phum Ti Muoy","អនុក្រឹតលេខ ២៣០ អ.នក្រ.បក",,
ភូមិ,3050402,"ភូមិ ទី ២","Phum Ti Pir","អនុក្រឹតលេខ ២៣០ អ.នក្រ.បក",,
ភូមិ,3050403,"ភូមិ ទី ៣","Phum Ti Bei","អនុក្រឹតលេខ ២៣០ អ.នក្រ.បក",,
ភូមិ,3050404,"ភូមិ ទី ៤","Phum Ti Buon","អនុក្រឹតលេខ ២៣០ អ.នក្រ.បក",,
ភូមិ,3050405,"ភូមិ ទី ៥","Phum Ti Pram","អនុក្រឹតលេខ ២៣០ អ.នក្រ.បក",,
ភូមិ,3050406,"ភូមិ ទី ៦","Phum Ti Prammuoy","អនុក្រឹតលេខ ២៣០ អ.នក្រ.បក",,
ភូមិ,3050407,"ទី៦​ ​«ក»","Ti Brammuoy Kor","ប្រកាសលេខ​ ១២៣ ប្រ.ក ចុះថ្ងៃទី ០៩​ មករា ២០២៣ របស់ ក្រសួងមហាផ្ទៃ",,
ស្រុក,306,កំពង់សៀម,"Kampong Siem","ប្រកាសលេខ ៤៩៣ប្រ.ក",,
ឃុំ,30601,អំពិល,Ampil,"ប្រកាសលេខ ៤៩៣ ប្រ.ក",,
ភូមិ,3060101,អណ្ដូងច្រុះ,"Andoung Chroh","ប្រកាសលេខ ៤៩៣ ប្រ.ក",,
ភូមិ,3060102,អំពិលលើ,"Ampil Leu","ប្រកាសលេខ ៤៩៣ ប្រ.ក",,
ភូមិ,3060103,អំពិលក្រោម,"Ampil Kraom","ប្រកាសលេខ ៤៩៣ ប្រ.ក",,
ភូមិ,3060104,ជើងគោក,"Cheung Kouk","ប្រកាសលេខ ៤៩៣ ប្រ.ក",,
ភូមិ,3060105,រលៀក,Roliek,"ប្រកាសលេខ ៤៩៣ ប្រ.ក",,
ភូមិ,3060106,រមាស,Romeas,"ប្រកាសលេខ ៤៩៣ ប្រ.ក",,
ភូមិ,3060107,បន្ទាយថ្ម,"Banteay Thma","ប្រកាសលេខ ៤៩៣ ប្រ.ក",,
ភូមិ,3060108,ស្រឡៅ,Sralau,"ប្រកាសលេខ ៤៩៣ ប្រ.ក",,
ភូមិ,3060109,ក្រឡា,Krala,"ប្រកាសលេខ ៤៩៣ ប្រ.ក",,
ភូមិ,3060110,ជង្ហុក,Chonghuk,"ប្រកាសលេខ ៤៩៣ ប្រ.ក",,
ភូមិ,3060111,វាលស្បូវ,"Veal Sbov","ប្រកាសលេខ ៤៩៣ ប្រ.ក",,
ភូមិ,3060112,ស្យា,Sya,"ប្រកាសលេខ ៤៩៣ ប្រ.ក",,
ភូមិ,3060113,សណ្ដាន់,"San Dan","ប្រកាសលេខ​ ១២៣ ប្រ.ក ចុះថ្ងៃទី ០៩​ មករា ២០២៣ របស់ ក្រសួងមហាផ្ទៃ",,
ភូមិ,3060114,នគរបាជ័យ,"Norkor Chey","ប្រកាសលេខ​ ១២៣ ប្រ.ក ចុះថ្ងៃទី ០៩​ មករា ២០២៣ របស់ ក្រសួងមហាផ្ទៃ",,
ឃុំ,30602,ហាន់ជ័យ,Hanchey,"ប្រកាសលេខ ៤៩៣ ប្រ.ក",,
ភូមិ,3060201,ហាន់ជ័យ,Hanchey,"ប្រកាសលេខ ៤៩៣ ប្រ.ក",,
ភូមិ,3060202,ក្រូចសើច,"Krouch Saeuch","ប្រកាសលេខ ៤៩៣ ប្រ.ក",,
ភូមិ,3060203,ល្វាទេ,"Lvea Te","ប្រកាសលេខ ៤៩៣ ប្រ.ក",,
ភូមិ,3060204,មាន់ហើរ,"Moan Haeur","ប្រកាសលេខ ៤៩៣ ប្រ.ក",,
ឃុំ,30603,កៀនជ្រៃ,"Kien Chrey","ប្រកាសលេខ ៤៩៣ ប្រ.ក",,
ភូមិ,3060301,ព្រែកយួន,"Preaek Yuon","ប្រកាសលេខ ៤៩៣ ប្រ.ក",,
ភូមិ,3060302,ឥន្ទនេល,"Enteak Nel","ប្រកាសលេខ ៤៩៣ ប្រ.ក",,
ភូមិ,3060303,ស្ពានថ្មី,"Spean Thmei","ប្រកាសលេខ ៤៩៣ ប្រ.ក",,
ភូមិ,3060304,បឹងបបុះ,"Boeng Baboh","ប្រកាសលេខ ៤៩៣ ប្រ.ក",,
ភូមិ,3060305,កៀនជ្រៃក្រៅ,"Kien Chrey Krau","ប្រកាសលេខ ៤៩៣ ប្រ.ក",,
ភូមិ,3060306,កៀនជ្រៃក្នុង,"Kien Chrey Knong","ប្រកាសលេខ ៤៩៣ ប្រ.ក",,
ឃុំ,30604,គគរ,Kokor,"ប្រកាសលេខ ៤៩៣ ប្រ.ក",,
ភូមិ,3060401,គគរ១,"Kokor Muoy","ប្រកាសលេខ ៤៩៣ ប្រ.ក",,
ភូមិ,3060402,គគរ២,"Kokor Pir","ប្រកាសលេខ ៤៩៣ ប្រ.ក",,
ភូមិ,3060403,ចំការសាមសិប,"Chamkar Samseb","ប្រកាសលេខ ៤៩៣ ប្រ.ក",,
ភូមិ,3060404,កំពង់ក្របី,"Kampong Krabei","ប្រកាសលេខ ៤៩៣ ប្រ.ក",,
ឃុំ,30605,កោះមិត្ដ,"Kaoh Mitt","ប្រកាសលេខ ៤៩៣ ប្រ.ក",,
ភូមិ,3060501,"កោះប៉ែន ក","Kaoh Paen Ka","ប្រកាសលេខ ៤៩៣ ប្រ.ក",,
ភូមិ,3060502,"កោះប៉ែន ខ","Kaoh Paen Kha","ប្រកាសលេខ ៤៩៣ ប្រ.ក",,
ភូមិ,3060503,"កោះប៉ែន គ","Kaoh Paen Kho","ប្រកាសលេខ ៤៩៣ ប្រ.ក",,
ភូមិ,3060505,កោះដាច់,"Kaoh Dach","ប្រកាសលេខ ៤៩៣ ប្រ.ក",,
ភូមិ,3060506,កោះព្រលូង,"Kaoh Prolung","ប្រកាសលេខ ៤៩៣ ប្រ.ក",,
ភូមិ,3060507,ស្វាយជ្រុំ,"Svay Chrum","ប្រកាសលេខ ៤៩៣ ប្រ.ក",,
ភូមិ,3060508,កោះចាស់,"Kaoh Chas","ប្រកាសលេខ ៤៩៣ ប្រ.ក",,
ភូមិ,3060509,កំពង់ត្រុំក្រោម,"Kampong Trom Kraom","ប្រកាសលេខ ៤៩៣ ប្រ.ក",,
ភូមិ,3060510,កំពង់ត្រុំលើ,"Kampong Trom Leu","ប្រកាសលេខ ៤៩៣ ប្រ.ក",,
ឃុំ,30606,កោះរកា,"Kaoh Roka","ប្រកាសលេខ ៤៩៣ ប្រ.ក",,
ភូមិ,3060601,កោះរកាក្រៅ,"Kaoh Roka Krau","ប្រកាសលេខ ៤៩៣ ប្រ.ក",,
ភូមិ,3060602,កោះរកាក្នុង,"Kaoh Roka Knong","ប្រកាសលេខ ៤៩៣ ប្រ.ក",,
ភូមិ,3060603,ដំបងដែក,"Dambang Daek","ប្រកាសលេខ ៤៩៣ ប្រ.ក",,
ភូមិ,3060604,អូរឈ្លើង,"Ou Chhleung","ប្រកាសលេខ ៤៩៣ ប្រ.ក",,
ភូមិ,3060605,តាមាង,"Ta Meang","ប្រកាសលេខ ៤៩៣ ប្រ.ក",,
ភូមិ,3060606,ថ្មី,Thmei,"ប្រកាសលេខ ៤៩៣ ប្រ.ក",,
ភូមិ,3060607,កោះគល់,"Kaoh Kol","អនុក្រិតលេខ ១០០ អនក្រ.បក",NULL,
ឃុំ,30607,កោះសំរោង,"Kaoh Samraong","ប្រកាសលេខ ៤៩៣ ប្រ.ក",,
ភូមិ,3060701,"ភូមិ ទី ១","Phum Ti Muoy","ប្រកាសលេខ ៤៩៣ ប្រ.ក",,
ភូមិ,3060702,"ភូមិ ទី ២","Phum Ti Pir","ប្រកាសលេខ ៤៩៣ ប្រ.ក",,
ភូមិ,3060703,"ភូមិ ទី ៣","Phum Ti Bei","ប្រកាសលេខ ៤៩៣ ប្រ.ក",,
ភូមិ,3060704,"ភូមិ ទី ៤","Phum Ti Buon","ប្រកាសលេខ ៤៩៣ ប្រ.ក",,
ភូមិ,3060705,"ភូមិ ទី ៥","Phum Ti Pram","ប្រកាសលេខ ៤៩៣ ប្រ.ក",,
ភូមិ,3060706,"ភូមិ ទី ៦","Phum Ti Prammuoy","ប្រកាសលេខ ៤៩៣ ប្រ.ក",,
ភូមិ,3060707,"ភូមិ ទី ៧","Phum Ti Prampir","ប្រកាសលេខ ៤៩៣ ប្រ.ក",,
ភូមិ,3060708,"ភូមិ ទី ៨","Phum Ti Prambei","ប្រកាសលេខ ៤៩៣ ប្រ.ក",,
ឃុំ,30608,កោះទន្ទឹម,"Kaoh Tontuem","ប្រកាសលេខ ៤៩៣ ប្រ.ក",,
ភូមិ,3060801,"កោះកុក ""ក""","Kaoh Kok Ka","ប្រកាសលេខ ៤៩៣ ប្រ.ក","កែឈ្មោះពី កោះកុក ក ទៅជា កោះកុក""ក""",
ភូមិ,3060802,"កោះកុក ""ខ""","Kaoh Kok Kha","ប្រកាសលេខ ៤៩៣ ប្រ.ក","កែឈ្មោះពី កោះកុក ខ ទៅជា កោះកុក""ខ""",
ភូមិ,3060803,កោះប្រាក់ក្រោម,"Kaoh Prak Kraom","ប្រកាសលេខ ៤៩៣ ប្រ.ក",,
ភូមិ,3060804,កោះប្រាក់ក្នុង,"Kaoh Prak Knong","ប្រកាសលេខ ៤៩៣ ប្រ.ក",,
ភូមិ,3060805,កោះប្រាក់លើ,"Kaoh Prak Leu","ប្រកាសលេខ ៤៩៣ ប្រ.ក",,
ឃុំ,30609,ក្រឡា,Krala,"ប្រកាសលេខ ៤៩៣ ប្រ.ក",,
ភូមិ,3060901,ស្ដេចនន,"Sdach Non","ប្រកាសលេខ ៤៩៣ ប្រ.ក",,
ភូមិ,3060902,ទួលបេង,"Tuol Beng","ប្រកាសលេខ ៤៩៣ ប្រ.ក",,
ភូមិ,3060903,អណ្ដូងពោធិ៍,"Andoung Pou","ប្រកាសលេខ ៤៩៣ ប្រ.ក",,
ភូមិ,3060904,ទួលពពេល,"Tuol Popel","ប្រកាសលេខ ៤៩៣ ប្រ.ក",,
ភូមិ,3060905,ត្រពាំងជ្រៃ,"Trapeang Chrey","ប្រកាសលេខ ៤៩៣ ប្រ.ក",,
ភូមិ,3060906,ត្រពាំងត្រស់,"Trapeang Tras","ប្រកាសលេខ ៤៩៣ ប្រ.ក",,
ភូមិ,3060907,ត្រពាំងឫស្សី,"Trapeang Ruessei","ប្រកាសលេខ ៤៩៣ ប្រ.ក",,
ភូមិ,3060908,អង្គួញដី,"Angkuonh Dei","ប្រកាសលេខ ៤៩៣ ប្រ.ក",,
ភូមិ,3060909,អំពិលជ្រុំ,"Ampil Chrum","ប្រកាសលេខ ៤៩៣ ប្រ.ក",,
ភូមិ,3060910,ថ្មី,Thmei,"ប្រកាសលេខ ៤៩៣ ប្រ.ក",,
ភូមិ,3060911,ត្រពាំងថ្ម,"Trapeang Thma","ប្រកាសលេខ ៤៩៣ ប្រ.ក",,
ភូមិ,3060912,ត្រពាំងចារ,"Trapeang Char","ប្រកាសលេខ ៤៩៣ ប្រ.ក",,
ភូមិ,3060913,ត្រកួន,Trakuon,"ប្រកាសលេខ ៤៩៣ ប្រ.ក",,
ឃុំ,30610,អូរស្វាយ,"Ou Svay","ប្រកាសលេខ ៤៩៣ ប្រ.ក",,
ភូមិ,3061001,ព្រៃចក្រី,"Prey Chakkrei","ប្រកាសលេខ ៤៩៣ ប្រ.ក",,
ភូមិ,3061002,អន្លង់ស្នូក,"Anlong Snouk","ប្រកាសលេខ ៤៩៣ ប្រ.ក",,
ភូមិ,3061003,អំពិលក្រញ៉ាញ់,"Ampil Kranhanh","ប្រកាសលេខ ៤៩៣ ប្រ.ក",,
ភូមិ,3061004,អូរស្វាយ,"Ou Svay","ប្រកាសលេខ ៤៩៣ ប្រ.ក",,
ភូមិ,3061005,ត្រពាំងកក់,"Trapeang Kak","ប្រកាសលេខ ៤៩៣ ប្រ.ក",,
ភូមិ,3061006,អូរធ្នង់,"Ou Thnong","ប្រកាសលេខ ៤៩៣ ប្រ.ក",,
ភូមិ,3061007,ខែលជ័យ,"Khael Chey","ប្រកាសលេខ ៤៩៣ ប្រ.ក",,
ឃុំ,30611,រអាង,Ro'ang,"ប្រកាសលេខ ៤៩៣ ប្រ.ក",,
ភូមិ,3061101,ថ្មគោល,"Thma Koul","ប្រកាសលេខ ៤៩៣ ប្រ.ក",,
ភូមិ,3061102,វាលខ្សាច់,"Veal Khsach","ប្រកាសលេខ ៤៩៣ ប្រ.ក",,
ភូមិ,3061103,ប្រសំ,Prasam,"ប្រកាសលេខ ៤៩៣ ប្រ.ក",,
ភូមិ,3061104,ពង្រ,Pongro,"ប្រកាសលេខ ៤៩៣ ប្រ.ក",,
ភូមិ,3061105,រមូល,Romul,"ប្រកាសលេខ ៤៩៣ ប្រ.ក",,
ភូមិ,3061106,ទួលរកា,"Tuol Roka","ប្រកាសលេខ ៤៩៣ ប្រ.ក",,
ភូមិ,3061107,រអាងលើ,"Ro'ang Leu","ប្រកាសលេខ ៤៩៣ ប្រ.ក",,
ភូមិ,3061108,រអាងក្រោម,"Ro'ang Kraom","ប្រកាសលេខ ៤៩៣ ប្រ.ក",,
ឃុំ,30612,រំចេក,Rumchek,"ប្រកាសលេខ ៤៩៣ ប្រ.ក",,
ភូមិ,3061201,ឈើទាលស្រុតលើ,"Chheu Teal Srot Leu","ប្រកាសលេខ ៤៩៣ ប្រ.ក",,
ភូមិ,3061202,ឈើទាលស្រុតក្រោម,"Chheu Teal Srot Kraom","ប្រកាសលេខ ៤៩៣ ប្រ.ក",,
ភូមិ,3061203,រំលេច,Rumlech,"ប្រកាសលេខ ៤៩៣ ប្រ.ក",,
ភូមិ,3061204,ថ្មី,Thmei,"ប្រកាសលេខ ៤៩៣ ប្រ.ក",,
ឃុំ,30613,ស្រក,Srak,"ប្រកាសលេខ ៤៩៣ ប្រ.ក",,
ភូមិ,3061301,ល្ពាក,Lpeak,"ប្រកាសលេខ ៤៩៣ ប្រ.ក",,
ភូមិ,3061302,ព្រៃគុយ,"Prey Kuy","ប្រកាសលេខ ៤៩៣ ប្រ.ក",,
ភូមិ,3061303,ស្រក,Srak,"ប្រកាសលេខ ៤៩៣ ប្រ.ក",,
ភូមិ,3061304,តាម៉ៅ,"Ta Mau",,ពុំមានឈ្មោះភូមិនេះទេ,
ឃុំ,30614,ទ្រាន,Trean,"ប្រកាសលេខ ៤៩៣ ប្រ.ក",,
ភូមិ,3061401,ច្រកស្ដៅ,"Chrak Sdau","ប្រកាសលេខ ៤៩៣ ប្រ.ក",,
ភូមិ,3061402,វាលក្រៀល,"Veal Kriel","ប្រកាសលេខ ៤៩៣ ប្រ.ក",,
ភូមិ,3061403,ទ្រាន,Trean,"ប្រកាសលេខ ៤៩៣ ប្រ.ក",,
ភូមិ,3061404,ត្រពាំងតាសុខ,"Trapeang Ta Sokh","ប្រកាសលេខ ៤៩៣ ប្រ.ក",,
ភូមិ,3061405,ប្រថង,Prathang,"ប្រកាសលេខ ៤៩៣ ប្រ.ក",,
ភូមិ,3061406,ប៉ែន,Paen,"ប្រកាសលេខ ៤៩៣ ប្រ.ក",,
ភូមិ,3061407,ទួលចំបក់,"Tuol Chambak","ប្រកាសលេខ ៤៩៣ ប្រ.ក",,
ភូមិ,3061408,ច្រនៀង,Chranieng,"ប្រកាសលេខ ៤៩៣ ប្រ.ក",,
ភូមិ,3061409,ត្រពាំងអំពិល,"Trapeang Ampil","ប្រកាសលេខ ៤៩៣ ប្រ.ក",,
ភូមិ,3061410,តាខុង,"Ta Khong","ប្រកាសលេខ ៤៩៣ ប្រ.ក",,
ភូមិ,3061411,ទួលត្រាច,"Tuol Trach","ប្រកាសលេខ ៤៩៣ ប្រ.ក",,
ភូមិ,3061412,ពោន,Poun,"ប្រកាសលេខ ៤៩៣ ប្រ.ក",,
ឃុំ,30615,វិហារធំ,"Vihear Thum","ប្រកាសលេខ ៤៩៣ ប្រ.ក",,
ភូមិ,3061501,ព្រៃផ្ដៅ,"Prey Phdau","ប្រកាសលេខ ៤៩៣ ប្រ.ក",,
ភូមិ,3061502,អណ្ដូងស្វាយ,"Andoung Svay","ប្រកាសលេខ ៤៩៣ ប្រ.ក",,
ភូមិ,3061503,គោកគ្រាម,"Kouk Kream","ប្រកាសលេខ ៤៩៣ ប្រ.ក",,
ភូមិ,3061504,ក្ដីបឹង,"Kdei Boeng","ប្រកាសលេខ ៤៩៣ ប្រ.ក",,
ភូមិ,3061505,ពង្រ,Pongro,"ប្រកាសលេខ ៤៩៣ ប្រ.ក",,
ភូមិ,3061506,ប្រាសាទ,Prasat,"ប្រកាសលេខ ៤៩៣ ប្រ.ក",,
ភូមិ,3061507,គោកទទា,"Kouk Totea","ប្រកាសលេខ ៤៩៣ ប្រ.ក",,
ភូមិ,3061508,វិហារ,Vihear,"ប្រកាសលេខ ៤៩៣ ប្រ.ក",,
ភូមិ,3061509,គងមហា,"Kong Moha","ប្រកាសលេខ ៤៩៣ ប្រ.ក",,
ស្រុក,307,កងមាស,"Kang Meas","ប្រកាសលេខ ៤៩៣ ប្រ.ក",,
ឃុំ,30701,អង្គរបាន,"Angkor Ban","លេខ ៤៩៣ ប្រ.ក",,
ភូមិ,3070101,"អង្គរបានទី ១","Angkor Ban Ti Muoy","ប្រកាសលេខ ៤៩៣ ប្រ.ក",,
ភូមិ,3070102,"អង្គរបានទី ២","Angkor Ban Ti Pir","ប្រកាសលេខ ៤៩៣ ប្រ.ក",,
ភូមិ,3070103,"អង្គរបានទី ៣","Angkor Ban Ti Bei","ប្រកាសលេខ ៤៩៣ ប្រ.ក",,
ភូមិ,3070104,"អង្គរបានទី ៤","Angkor Ban Ti Buon","ប្រកាសលេខ ៤៩៣ ប្រ.ក",,
ភូមិ,3070105,"អង្គរបានទី ៥","Angkor Ban Ti Pram","ប្រកាសលេខ ៤៩៣ ប្រ.ក",,
ភូមិ,3070106,"អង្គរបានទី ៦","Angkor Ban Ti Prammuoy","ប្រកាសលេខ ៤៩៣ ប្រ.ក",,
ភូមិ,3070107,"អង្គរបានទី ៧","Angkor Ban Ti Prampir","ប្រកាសលេខ ៤៩៣ ប្រ.ក",,
ភូមិ,3070108,"អង្គរបានទី ៨","Angkor Ban Ti Prambei","ប្រកាសលេខ ៤៩៣ ប្រ.ក",,
ភូមិ,3070109,"អង្គរបានទី ៩","Angkor Ban Ti Prambuon","ប្រកាសលេខ ៤៩៣ ប្រ.ក",,
ឃុំ,30702,កងតាណឹង,"Kang Ta Noeng","លេខ ៤៩៣ ប្រ.ក",,
ភូមិ,3070201,"កងតាណឹងទី ១","Kang Ta Noeng Ti Muoy","ប្រកាសលេខ ៤៩៣ ប្រ.ក",,
ភូមិ,3070202,"កងតាណឹងទី ២","Kang Ta Noeng Ti Pir","ប្រកាសលេខ ៤៩៣ ប្រ.ក",,
ភូមិ,3070203,"កងតាណឹងទី ៣","Kang Ta Noeng Ti Bei","ប្រកាសលេខ ៤៩៣ ប្រ.ក",,
ភូមិ,3070204,"កងតាណឹងទី ៤","Kang Ta Noeng Ti Buon","ប្រកាសលេខ ៤៩៣ ប្រ.ក",,
ភូមិ,3070205,"កងតាណឹងទី ៥","Kang Ta Noeng Ti Pram","ប្រកាសលេខ ៤៩៣ ប្រ.ក",,
ភូមិ,3070206,"កងតាណឹងទី ៦","Kang Ta Noeng Ti Prammuoy","ប្រកាសលេខ ៤៩៣ ប្រ.ក",,
ភូមិ,3070207,"កងតាណឹងទី ៧","Kang Ta Noeng Ti Prampir","ប្រកាសលេខ ៤៩៣ ប្រ.ក",,
ភូមិ,3070208,"កងតាណឹងទី ៨","Kang Ta Noeng Ti Prambei","ប្រកាសលេខ ៤៩៣ ប្រ.ក",,
ភូមិ,3070209,"កងតាណឹងទី ៩","Kang Ta Noeng Ti Prambuon","ប្រកាសលេខ ៤៩៣ ប្រ.ក",,
ឃុំ,30703,ខ្ចៅ,Khchau,"លេខ ៤៩៣ ប្រ.ក",,
ភូមិ,3070301,ថ្លុកជ្រៅ,"Thlok Chrov","ប្រកាសលេខ ៤៩៣ ប្រ.ក",,
ភូមិ,3070302,"ស្វាយពាន់ទី ១","Svay Poan Ti Muoy","ប្រកាសលេខ ៤៩៣ ប្រ.ក",,
ភូមិ,3070303,"ស្វាយពាន់ទី ២","Svay Poan Ti Pir","ប្រកាសលេខ ៤៩៣ ប្រ.ក",,
ភូមិ,3070304,អូពពេល,"Ou Popel","ប្រកាសលេខ ៤៩៣ ប្រ.ក","កែឈ្មោះពី អូរពពែល ទៅជា អូពពេល",
ភូមិ,3070305,"ខ្ចៅទី ១","Khchau Ti Muoy","ប្រកាសលេខ ៤៩៣ ប្រ.ក","កែឈ្មោះពី ខ្ចេៅទី១ ទៅជា ខ្ចៅទី១",
ភូមិ,3070306,"ខ្ចៅទី ២","Khchau Ti Pir","ប្រកាសលេខ ៤៩៣ ប្រ.ក",,
ភូមិ,3070307,"ខ្ចៅទី ៣","Khchau Ti Bei","ប្រកាសលេខ ៤៩៣ ប្រ.ក",,
ភូមិ,3070308,"វ៉ារិន្ទទី ១","Varint Ti Muoy","ប្រកាសលេខ ៤៩៣ ប្រ.ក","កែឈ្មោះពី វ៉ាេិន្ទទី១ ទៅជា វ៉ារិន្ទទី១",
ភូមិ,3070309,"វ៉ារិន្ទទី ២","Varint Ti Pir","ប្រកាសលេខ ៤៩៣ ប្រ.ក",,
ភូមិ,3070310,"វ៉ារិន្ទទី ៣","Varint Ti Bei","ប្រកាសលេខ ៤៩៣ ប្រ.ក",,
ឃុំ,30704,ពាមជីកង,"Peam Chi Kang","លេខ ៤៩៣ ប្រ.ក",,
ភូមិ,3070401,ដំណាក់ជ្រៃ,"Damnak Chrey","ប្រកាសលេខ ៤៩៣ ប្រ.ក",,
ភូមិ,3070402,ដំណាក់ស្នាយ,"Damnak Snay","ប្រកាសលេខ ៤៩៣ ប្រ.ក",,
ភូមិ,3070403,ពាមជីកង,"Peam Chi Kang","ប្រកាសលេខ ៤៩៣ ប្រ.ក",,
ភូមិ,3070404,សាច់សូរ,"Sach Sour","ប្រកាសលេខ ៤៩៣ ប្រ.ក",,
ភូមិ,3070405,"សំបួរមាស ""ក""","Sambuor Meas Ka","ប្រកាសលេខ ៤៩៣ ប្រ.ក","កែឈ្ោះពី សំបូរមាស ក ទៅជា សំបូរមាស ""ក""",
ភូមិ,3070406,"សំបួរមាស ""ខ""","Sambuor Meas Kha","ប្រកាសលេខ ៤៩៣ ប្រ.ក","កែឈ្មោះពី សំបូរមាស ខ ទៅជា សំបូរមាស""ខ""",
ភូមិ,3070407,កោះតូច,"Kaoh Touch","ប្រកាសលេខ ៤៩៣ ប្រ.ក",,
ឃុំ,30705,ព្រែកកុយ,"Preaek Koy","លេខ ៤៩៣ ប្រ.ក",,
ភូមិ,3070501,ព្រែកកុយ,"Preaek Koy","ប្រកាសលេខ ៤៩៣ ប្រ.ក",,
ភូមិ,3070502,អន្លង់គគី,"Anlong Kokir","ប្រកាសលេខ ៤៩៣ ប្រ.ក","កែឈ្មោះពី អន្លង់គគីរ ទៅជា អន្លង់គគី",
ភូមិ,3070503,គងជ័យ,"Kong Chey","ប្រកាសលេខ ៤៩៣ ប្រ.ក",,
ភូមិ,3070504,គហ៊េរ,Koher,"ប្រកាសលេខ ៤៩៣ ប្រ.ក",,
ភូមិ,3070505,មេសរ,"Me Sar","ប្រកាសលេខ ៤៩៣ ប្រ.ក",,
ភូមិ,3070506,អូស្វាយលិច,"Ou Svay Lech","ប្រកាសលេខ ៤៩៣ ប្រ.ក","កែឈ្មោះពី អូរស្វាយលិច ទៅជា អូស្វាយលិច",
ភូមិ,3070507,អូស្វាយកើត,"Ou Svay Kaeut","ប្រកាសលេខ ៤៩៣ ប្រ.ក","កែឈ្មោះពី អូរស្វាយកើត ទៅជា អូស្វាយកើត",
ឃុំ,30706,ព្រែកក្របៅ,"Preaek Krabau","លេខ ៤៩៣ ប្រ.ក",,
ភូមិ,3070601,"ពោធិសាលាទី ១","Pou Sala Ti Muoy","ប្រកាសលេខ ៤៩៣ ប្រ.ក","កែឈ្មោះពី ពោធិ៍សាលាទី១ ទៅជា ពោធិសាលាទី១",
ភូមិ,3070602,"ពោធិសាលាទី ២","Pou Sala Ti Pir","ប្រកាសលេខ ៤៩៣ ប្រ.ក","កែឈ្មោះពី ពោធិ៍សាលាទី២ ទៅជា ពោធិសាលាទី២",
ភូមិ,3070603,ពាមក្នុង,"Peam Knong","ប្រកាសលេខ ៤៩៣ ប្រ.ក",,
ភូមិ,3070604,ព្រែកអណ្ដូង,"Preaek Andoung","ប្រកាសលេខ ៤៩៣ ប្រ.ក",,
ភូមិ,3070605,ព្រែកក្របៅ,"Preaek Krabau","ប្រកាសលេខ ៤៩៣ ប្រ.ក",,
ភូមិ,3070606,អូរកណ្ដោល,"Ou Kandaol","ប្រកាសលេខ ៤៩៣ ប្រ.ក",,
ភូមិ,3070607,អណ្ដូងតាអុង,"Andoung Ta Ong","ប្រកាសលេខ ៤៩៣ ប្រ.ក",,
ភូមិ,3070608,អណ្ដូងដៃ,"Andoung Dai","ប្រកាសលេខ ៤៩៣ ប្រ.ក",,
ភូមិ,3070609,ទឹកចេញ,"Tuek Chenh","ប្រកាសលេខ ៤៩៣ ប្រ.ក",,
ភូមិ,3070610,ចំការឪឡឹក,"Chamkar Ovloek","ប្រកាសលេខ ៤៩៣ ប្រ.ក",,
ឃុំ,30707,រាយប៉ាយ,"Reay Pay","លេខ ៤៩៣ ប្រ.ក",,
ភូមិ,3070701,កន្លែងរុន,"Kanlaeng Run","ប្រកាសលេខ ៤៩៣ ប្រ.ក",,
ភូមិ,3070702,បឹងទទា,"Boeng Totea","ប្រកាសលេខ ៤៩៣ ប្រ.ក",,
ភូមិ,3070703,ទួលវិហារ,"Tuol Vihear","ប្រកាសលេខ ៤៩៣ ប្រ.ក",,
ភូមិ,3070705,រាយប៉ាយលើ,"Reay Pay Leu","ប្រកាសលេខ ៤៩៣ ប្រ.ក",,
ភូមិ,3070706,រាយប៉ាយក្រោម,"Reay Pay Kraom","ប្រកាសលេខ ៤៩៣ ប្រ.ក",,
ភូមិ,3070707,ព្រែកប្រណាក,"Preaek Pranak","ប្រកាសលេខ ៤៩៣ ប្រ.ក",,
ភូមិ,3070708,គកក្របី,"Kok Krabei","ប្រកាសលេខ ៤៩៣ ប្រ.ក",,
ភូមិ,3070709,ទួលបីទី១,"Tuol Bey Ti Muoy","ប្រកាសលេខ​ ១២៣ ប្រ.ក ចុះថ្ងៃទី ០៩​ មករា ២០២៣ របស់ ក្រសួងមហាផ្ទៃ",,
ភូមិ,3070710,ទួលបីទី២,"Tuol Bey Ti Pi","ប្រកាសលេខ​ ១២៣ ប្រ.ក ចុះថ្ងៃទី ០៩​ មករា ២០២៣ របស់ ក្រសួងមហាផ្ទៃ",,
ភូមិ,3070711,ពោធិ៍មានជ័យ,"Pur Meanchey","ប្រកាសលេខ​ ១២៣ ប្រ.ក ចុះថ្ងៃទី ០៩​ មករា ២០២៣ របស់ ក្រសួងមហាផ្ទៃ",,
ភូមិ,3070712,រាយប៉ាយកណ្ដាល,"Reaypay Kandal","ប្រកាសលេខ​ ១២៣ ប្រ.ក ចុះថ្ងៃទី ០៩​ មករា ២០២៣ របស់ ក្រសួងមហាផ្ទៃ",,
ឃុំ,30708,រកាអារ,"Roka Ar","លេខ ៤៩៣ ប្រ.ក",,
ភូមិ,3070801,"ព្រែកលីវទី ១","Preaek Liv Ti Muoy","ប្រកាសលេខ ៤៩៣ ប្រ.ក",,
ភូមិ,3070802,"ព្រែកលីវទី ២","Preaek Liv Ti Pir","ប្រកាសលេខ ៤៩៣ ប្រ.ក",,
ភូមិ,3070803,"ព្រែកលីវទី  ៣","Preaek Liv Ti Bei","ប្រកាសលេខ ៤៩៣ ប្រ.ក",,
ភូមិ,3070804,"ព្រែកលីវទី ៤","Preaek Liv Ti Buon","ប្រកាសលេខ ៤៩៣ ប្រ.ក",,
ភូមិ,3070805,"ជ្រោយក្របៅទី ១","Chrouy Krabau Ti Muoy","ប្រកាសលេខ ៤៩៣ ប្រ.ក",,
ភូមិ,3070806,"ជ្រោយក្របៅទី ២","Chrouy Krabau Ti Pir","ប្រកាសលេខ ៤៩៣ ប្រ.ក",,
ភូមិ,3070807,"ស្វាយស្រណោះទី ១","Svay Sranaoh Ti Muoy","ប្រកាសលេខ ៤៩៣ ប្រ.ក",,
ភូមិ,3070808,"ស្វាយស្រណោះទី ២","Svay Sranaoh Ti Pir","ប្រកាសលេខ ៤៩៣ ប្រ.ក",,
ភូមិ,3070809,រកាអារ,"Roka Ar","ប្រកាសលេខ ៤៩៣ ប្រ.ក",,
ឃុំ,30709,រកាគយ,"Roka Koy","លេខ ៤៩៣ ប្រ.ក",,
ភូមិ,3070901,"រកាគយ ""ក""","Roka Koy Ka","ប្រកាសលេខ ៤៩៣ ប្រ.ក","កែឈ្មោះពី រកាគយ ក ទៅជា រកាគយ ""ក""",
ភូមិ,3070902,"រកាគយ ""ខ""","Roka Koy Kha","ប្រកាសលេខ ៤៩៣ ប្រ.ក","កែឈ្មោះពី្រ រកាគយ ខ ទៅជា រកាគយ""ខ""",
ភូមិ,3070903,"ភូមិថ្មី ""ក""","Phum Thmei Ka","ប្រកាសលេខ ៤៩៣ ប្រ.ក","កែឈ្មោះពី ថ្មី ក ទៅជា ថ្មី""ក""",
ភូមិ,3070904,"ភូមិថ្មី ""ខ""","PhumThmei Kha","ប្រកាសលេខ ៤៩៣ ប្រ.ក","កែឈ្មោះពី ថ្មី ខ ទៅជា ថ្មី""ខ""",
ភូមិ,3070905,ពង្រ,Pongro,"ប្រកាសលេខ ៤៩៣ ប្រ.ក",,
ភូមិ,3070906,ស្វាយតាហែន,"Svay Ta Haen","ប្រកាសលេខ ៤៩៣ ប្រ.ក",,
ភូមិ,3070907,ដំណាក់ល្អិត,"Damnak L'et","ប្រកាសលេខ ៤៩៣ ប្រ.ក",,
ឃុំ,30710,ស្ដៅ,Sdau,"លេខ ៤៩៣ ប្រ.ក",,
ភូមិ,3071001,ខ្ពបលើ,"Khpob Leu","ប្រកាសលេខ ៤៩៣ ប្រ.ក",,
ភូមិ,3071002,ខ្ពបក្រោម,"Khpob Kraom","ប្រកាសលេខ ៤៩៣ ប្រ.ក",,
ភូមិ,3071003,ស្ដៅ,Sdau,"ប្រកាសលេខ ៤៩៣ ប្រ.ក",,
ភូមិ,3071004,ល្វាលើ,"Lvea Leu","ប្រកាសលេខ ៤៩៣ ប្រ.ក",,
ភូមិ,3071005,ល្វាក្រោម,"Lvea Kraom","ប្រកាសលេខ ៤៩៣ ប្រ.ក",,
ភូមិ,3071006,អន្លង់គគីរ,"Anlong Kokir","ប្រកាសលេខ ៤៩៣ ប្រ.ក",,
ឃុំ,30711,សូរគង,"Sour Kong","ប្រកាសលេខ ៤៩៣ ប្រ.ក",,
ភូមិ,3071101,"កោះតាង៉ោទី ១","Kaoh Ta Ngao Ti Muoy","ប្រកាសលេខ ៤៩៣ ប្រ.ក",,
ភូមិ,3071102,"កោះតាង៉ោទី ២","Kaoh Ta Ngao Ti Pir","ប្រកាសលេខ ៤៩៣ ប្រ.ក",,
ភូមិ,3071103,"កោះតាង៉ោទី ៣","Kaoh Ta Ngao Ti Bei","ប្រកាសលេខ ៤៩៣ ប្រ.ក",,
ភូមិ,3071104,បឹងសាងកើត,"Boeng Sang Kaeut","ប្រកាសលេខ ៤៩៣ ប្រ.ក",,
ភូមិ,3071105,បឹងសាងលិច,"Boeng Sang Lech","ប្រកាសលេខ ៤៩៣ ប្រ.ក",,
ភូមិ,3071106,ក្ដី,Kdei,"ប្រកាសលេខ ៤៩៣ ប្រ.ក",,
ភូមិ,3071107,សូរគេន,Sourken,"ប្រកាសលេខ ៤៩៣ ប្រ.ក",,
ភូមិ,3071110,អន្លង់អកលិច,"Anlong Ak Lech","ប្រកាសលេខ ៤៩៣ ប្រ.ក",,
ភូមិ,3071111,អន្លង់អកកើត,"Anlong Ak Kaeut","ប្រកាសលេខ ៤៩៣ ប្រ.ក",,
ភូមិ,3071112,បឹងត្រាវត្បូង,"Boeng Trav Tbong","ប្រកាសលេខ​ ១២៣ ប្រ.ក ចុះថ្ងៃទី ០៩​ មករា ២០២៣ របស់ ក្រសួងមហាផ្ទៃ",,
ភូមិ,3071113,បឹងត្រាវជើង,"Boeng Trav Chaeung","ប្រកាសលេខ​ ១២៣ ប្រ.ក ចុះថ្ងៃទី ០៩​ មករា ២០២៣ របស់ ក្រសួងមហាផ្ទៃ",,
ភូមិ,3071114,ព្រែកគ្រួសកើត,"Prek Kruos Kaeut","ប្រកាសលេខ​ ១២៣ ប្រ.ក ចុះថ្ងៃទី ០៩​ មករា ២០២៣ របស់ ក្រសួងមហាផ្ទៃ",,
ភូមិ,3071115,ព្រែកគ្រួសលិច,"Prek Kruos Lech","ប្រកាសលេខ​ ១២៣ ប្រ.ក ចុះថ្ងៃទី ០៩​ មករា ២០២៣ របស់ ក្រសួងមហាផ្ទៃ",,
ស្រុក,308,កោះសូទិន,"Kaoh Soutin","ប្រកាសលេខ ៤៩៣ប្រ.ក",,
ឃុំ,30801,កំពង់រាប,"Kampong Reab","លេខ ៤៩៣ ប្រ.ក",,
ភូមិ,3080101,កោះចិនក្រោម,"Kaoh Chen Kraom","ប្រកាសលេខ ៤៩៣ ប្រ.ក",,
ភូមិ,3080102,កោះចិនលើ,"Kaoh Chen Leu","ប្រកាសលេខ ៤៩៣ ប្រ.ក",,
ភូមិ,3080103,កំពង់រាបលើ,"Kampong Reab Leu","ប្រកាសលេខ ៤៩៣ ប្រ.ក",,
ភូមិ,3080104,កំពង់រាបក្រោម,"Kampong Reab Kraom","ប្រកាសលេខ ៤៩៣ ប្រ.ក",,
ភូមិ,3080105,កំពង់ស្ដីលើ,"Kampong Sdei Leu","ប្រកាសលេខ ៤៩៣ ប្រ.ក",,
ភូមិ,3080106,កំពង់ស្ដីក្រោម,"Kampong Sdei Kraom","ប្រកាសលេខ ៤៩៣ ប្រ.ក",,
ភូមិ,3080107,កំពង់ស្ដីកណ្ដាល,"Kampong Sdei Kandal","ប្រកាសលេខ ៤៩៣ ប្រ.ក",,
ភូមិ,3080108,កំពង់ស្ដីក្នុង,"Kampong Sdei Knong","ប្រកាសលេខ ៤៩៣ ប្រ.ក",,
ឃុំ,30802,កោះសូទិន,"Kaoh Sotin","លេខ ៤៩៣ ប្រ.ក",,
ភូមិ,30802,ទី១៥,"Ti Dobbram","ប្រកាសលេខ​ ១២៣ ប្រ.ក ចុះថ្ងៃទី ០៩​ មករា ២០២៣ របស់ ក្រសួងមហាផ្ទៃ",,
ភូមិ,3080201,ភូមិទី១,"Phum Ti Muoy","ប្រកាសលេខ ៤៩៣ ប្រ.ក",,
ភូមិ,3080202,ភូមិទី២,"Phum Ti Pir","ប្រកាសលេខ ៤៩៣ ប្រ.ក",,
ភូមិ,3080203,ភូមិទី៣,"Phum Ti Bei","ប្រកាសលេខ ៤៩៣ ប្រ.ក",,
ភូមិ,3080204,ភូមិទី៤,"Phum Ti Buon","ប្រកាសលេខ ៤៩៣ ប្រ.ក",,
ភូមិ,3080205,ភូមិទី៥,"Phum Ti Pram","ប្រកាសលេខ ៤៩៣ ប្រ.ក",,
ភូមិ,3080206,ភូមិទី៦,"Phum Ti Prammuoy","ប្រកាសលេខ ៤៩៣ ប្រ.ក",,
ភូមិ,3080207,ភូមិទី៧,"Phum Ti Prampir","ប្រកាសលេខ ៤៩៣ ប្រ.ក",,
ភូមិ,3080208,ភូមិទី៨,"Phum Ti Prambei","ប្រកាសលេខ ៤៩៣ ប្រ.ក",,
ភូមិ,3080209,ភូមិទី៩,"Phum Ti Prambuon","ប្រកាសលេខ ៤៩៣ ប្រ.ក",,
ភូមិ,3080210,ភូមិទី១០,"Phum Ti Dab","ប្រកាសលេខ ៤៩៣ ប្រ.ក",,
ភូមិ,3080211,ភូមិទី១១,"Phum Ti Dabmuoy","ប្រកាសលេខ ៤៩៣ ប្រ.ក",,
ភូមិ,3080212,ភូមិទី១២,"Phum Ti Dabpir","ប្រកាសលេខ ៤៩៣ ប្រ.ក",,
ភូមិ,3080213,ភូមិទី១៣,"Phum Ti Dabbei","ប្រកាសលេខ ៤៩៣ ប្រ.ក",,
ភូមិ,3080214,ភូមិទី៎១៤,"Phum Ti Dabbuon","ប្រកាសលេខ ៤៩៣ ប្រ.ក",,
ឃុំ,30803,ល្វេ,Lve,"លេខ ៤៩៣ ប្រ.ក",,
ភូមិ,3080301,ដំណាក់ស្វាយ,"Damnak Svay","ប្រកាសលេខ ៤៩៣ ប្រ.ក",,
ភូមិ,3080302,រកាកោង,"Roka Kaong","ប្រកាសលេខ ៤៩៣ ប្រ.ក",,
ភូមិ,3080303,ព្រែកគល់,"Preaek Kol","ប្រកាសលេខ ៤៩៣ ប្រ.ក",,
ភូមិ,3080304,បទស្រីទន្ទឹង,"Bat Srei Tontueng","ប្រកាសលេខ ៤៩៣ ប្រ.ក",,
ភូមិ,3080305,អំបែងចេះ,"Ambaeng Cheh","ប្រកាសលេខ ៤៩៣ ប្រ.ក",,
ភូមិ,3080306,ល្វេលើ,"Lve Leu","ប្រកាសលេខ ៤៩៣ ប្រ.ក",,
ភូមិ,3080307,ល្វេក្រោម,"Lve Kraom","ប្រកាសលេខ ៤៩៣ ប្រ.ក",,
ភូមិ,3080308,ទំពូង,Tumpoung,"ប្រកាសលេខ ៤៩៣ ប្រ.ក",,
ភូមិ,3080309,ព្រែកតាកែ,"Preaek Ta Kae","ប្រកាសលេខ ៤៩៣ ប្រ.ក",,
ភូមិ,3080310,ព្រែកចង្ក្រាន,"Preaek Changkran","ប្រកាសលេខ ៤៩៣ ប្រ.ក",,
ឃុំ,30804,មហាលាភ,"Moha Leaph","លេខ ៤៩៣ ប្រ.ក",,
ភូមិ,3080401,ចុងព្រែក,"Chong Preaek","ប្រកាសលេខ ៤៩៣ ប្រ.ក",,
ភូមិ,3080402,មហាលាភជើង,"Moha Leaph Cheung","ប្រកាសលេខ ៤៩៣ ប្រ.ក",,
ភូមិ,3080403,មហាលាភត្បូង,"Moha Leaph Tboung","ប្រកាសលេខ ៤៩៣ ប្រ.ក",,
ភូមិ,3080404,រកាកោងត្បូង,"Roka Kaong Tboung","ប្រកាសលេខ ៤៩៣ ប្រ.ក",,
ភូមិ,3080405,រកាកោងជើង,"Roka Kaong Cheung","ប្រកាសលេខ ៤៩៣ ប្រ.ក",,
ភូមិ,3080406,ដំណាក់ព្រីងកើត,"Damnak Pring Kaeut","ប្រកាសលេខ ៤៩៣ ប្រ.ក",,
ភូមិ,3080407,ដំណាក់ព្រីងលិច,"Damnak Pring Lech","ប្រកាសលេខ ៤៩៣ ប្រ.ក",,
ភូមិ,3080408,រត្នមុនី,"Roat Muni","ប្រកាសលេខ ៤៩៣ ប្រ.ក",,
ភូមិ,3080409,ជ្រោយសសិត,"Chrouy Saset","ប្រកាសលេខ ៤៩៣ ប្រ.ក",,
ភូមិ,3080410,ព្រែក,Preaek,"ប្រកាសលេខ ៤៩៣ ប្រ.ក",,
ឃុំ,30805,មហាខ្ញូង,"Moha Khnhoung","លេខ ៤៩៣ ប្រ.ក",,
ភូមិ,3080501,ខ្ពប,Khpob,"ប្រកាសលេខ ៤៩៣ ប្រ.ក",,
ភូមិ,3080502,មហាសៀកលើ,"Mohasiek Leu","ប្រកាសលេខ ៤៩៣ ប្រ.ក",,
ភូមិ,3080503,មហាសៀកក្រោម,"Mohasiek Kraom","ប្រកាសលេខ ៤៩៣ ប្រ.ក",,
ភូមិ,3080504,កំពង់ចម្លង,"Kampong Chamlang","ប្រកាសលេខ ៤៩៣ ប្រ.ក",,
ភូមិ,3080505,ខ្ញូងលើ,"Khnhoung Leu","ប្រកាសលេខ ៤៩៣ ប្រ.ក",,
ភូមិ,3080506,កណ្ដាលខ្ញូង,"Kandal Khnhoung","ប្រកាសលេខ ៤៩៣ ប្រ.ក",,
ភូមិ,3080507,ចុងខ្ញូង,"Chong Khnhoung","ប្រកាសលេខ ៤៩៣ ប្រ.ក",,
ភូមិ,3080508,អង្គរជ័យលើ,"Angkor Chey Leu","ប្រកាសលេខ ៤៩៣ ប្រ.ក",,
ភូមិ,3080509,អង្គរជ័យក្រោម,"Angkor Chey Kraom","ប្រកាសលេខ ៤៩៣ ប្រ.ក",,
ឃុំ,30806,ពាមប្រធ្នោះ,"Peam Prathnuoh","លេខ ៤៩៣ ប្រ.ក",,
ភូមិ,3080601,ផ្សារថ្មី,"Phsar Thmei","ប្រកាសលេខ ៤៩៣ ប្រ.ក",,
ភូមិ,3080602,ពាម,Peam,"ប្រកាសលេខ ៤៩៣ ប្រ.ក",,
ភូមិ,3080603,ថ្មី,Thmei,"ប្រកាសលេខ ៤៩៣ ប្រ.ក",,
ភូមិ,3080604,ក្រពើគម,"Krapeu Korm","ប្រកាសលេខ ៤៩៣ ប្រ.ក",,
ភូមិ,3080605,ប៉ាក់ណាម,"Pak Nam","ប្រកាសលេខ ៤៩៣ ប្រ.ក",,
ភូមិ,3080606,ជីហែ,Chihae,"ប្រកាសលេខ ៤៩៣ ប្រ.ក",,
ភូមិ,3080607,សំរោង,Samraong,"ប្រកាសលេខ ៤៩៣ ប្រ.ក",,
ភូមិ,3080608,មហាលាភ,"Moha Leaph","ប្រកាសលេខ ៤៩៣ ប្រ.ក",,
ភូមិ,3080609,ពង្រ,Pongro,"ប្រកាសលេខ ៤៩៣ ប្រ.ក",,
ភូមិ,3080610,ទួលក្ដុល,"Tuol Kdol","ប្រកាសលេខ ៤៩៣ ប្រ.ក",,
ភូមិ,3080611,វាល,Veal,"ប្រកាសលេខ ៤៩៣ ប្រ.ក",,
ភូមិ,3080612,ទួលកំពត,"Tuol Kampot","ប្រកាសលេខ ៤៩៣ ប្រ.ក",,
ភូមិ,3080613,ទួលធាតុ,"Tuol Theat","ប្រកាសលេខ ៤៩៣ ប្រ.ក",,
ឃុំ,30807,ពង្រ,Pongro,"លេខ ៤៩៣ ប្រ.ក",,
ភូមិ,3080701,កំពង់ឪជ្រឹង,"Kampong Ov Chrueng","ប្រកាសលេខ ៤៩៣ ប្រ.ក",,
ភូមិ,3080702,ព្រែករំដេងកើត,"Preaek Rumdeng Kaeut","ប្រកាសលេខ ៤៩៣ ប្រ.ក",,
ភូមិ,3080703,ព្រែករំដេងលិច,"Preaek Rumdeng Lech","ប្រកាសលេខ ៤៩៣ ប្រ.ក",,
ភូមិ,3080704,ពង្រកើត,"Pongro Kaeut","ប្រកាសលេខ ៤៩៣ ប្រ.ក",,
ភូមិ,3080705,ពង្រលិច,"Pongro Lech","ប្រកាសលេខ ៤៩៣ ប្រ.ក",,
ភូមិ,3080706,ដើមស្ដៅ,"Daeum Sdau","ប្រកាសលេខ ៤៩៣ ប្រ.ក",,
ភូមិ,3080707,ប៉ាក់ណាម,"Pak Nam","ប្រកាសលេខ ៤៩៣ ប្រ.ក",,
ភូមិ,3080708,អន្លង់ដូង,"Anlong Doung","ប្រកាសលេខ ៤៩៣ ប្រ.ក",,
ឃុំ,30808,ព្រែកតានង់,"Preaek Ta Nong","លេខ ៤៩៣ ប្រ.ក",,
ភូមិ,3080801,"ភូមិ ទី១","Phum Ti Muoy","ប្រកាសលេខ ៤៩៣ ប្រ.ក",,
ភូមិ,3080802,"ភូមិ ទី២","Phum Ti Pir","ប្រកាសលេខ ៤៩៣ ប្រ.ក",,
ភូមិ,3080803,"ភូមិ ទី៣","Phum Ti Bei","ប្រកាសលេខ ៤៩៣ ប្រ.ក",,
ភូមិ,3080804,"ភូមិ ទី៤","Phum Ti Buon","ប្រកាសលេខ ៤៩៣ ប្រ.ក",,
ភូមិ,3080805,"ភូមិ ទី៥","Phum Ti Pram","ប្រកាសលេខ ៤៩៣ ប្រ.ក",,
ភូមិ,3080806,"ភូមិ ទី៦","Phum Ti Prammuoy","ប្រកាសលេខ ៤៩៣ ប្រ.ក",,
ភូមិ,3080807,"ភូមិ ទី៧","Phum Ti Prampir","ប្រកាសលេខ ៤៩៣ ប្រ.ក",,
ភូមិ,3080808,"ភូមិ ទី៨","Phum Ti Prambei","ប្រកាសលេខ ៤៩៣ ប្រ.ក",,
ភូមិ,3080809,"ភូមិ ទី៩","Phum Ti Prambuon","ប្រកាសលេខ ៤៩៣ ប្រ.ក",,
ភូមិ,3080810,"ភូមិ ទី១០","Phum Ti Dab","ប្រកាសលេខ ៤៩៣ ប្រ.ក",,
ភូមិ,3080811,"ភូមិ ទី១១","Phum Ti Dabmuoy","ប្រកាសលេខ ៤៩៣ ប្រ.ក",,
ភូមិ,3080812,"ភូមិ ទី១២","Phum Ti Dabpir","ប្រកាសលេខ ៤៩៣ ប្រ.ក",,
ភូមិ,3080813,"ភូមិ ទី១៣","Phum Ti Dabbei","ប្រកាសលេខ ៤៩៣ ប្រ.ក",,
ស្រុក,313,ព្រៃឈរ,"Prey Chhor","ប្រកាសលេខ ៤៩៣ប្រ.ក",,
ឃុំ,31301,បារាយណ៍,Baray,"លេខ ៤៩៣ ប្រ.ក",,
ភូមិ,3130101,ព្រៃខ្ជាយ,"Prey Khchay","លេខ ៤៩៣ ប្រ.ក",,
ភូមិ,3130102,ទួលចំបក់,"Tuol Chambak","លេខ ៤៩៣ ប្រ.ក",,
ភូមិ,3130103,ត្រពាំងបេង,"Trapeang Beng","លេខ ៤៩៣ ប្រ.ក",,
ភូមិ,3130104,លាងខ្សាច់,"Leang Khsach","លេខ ៤៩៣ ប្រ.ក",,
ភូមិ,3130105,ត្រពាំងបី,"Trapeang Bei","លេខ ៤៩៣ ប្រ.ក",,
ភូមិ,3130106,អូរកំបោរ,"Ou Kambaor","លេខ ៤៩៣ ប្រ.ក",,
ភូមិ,3130107,គោកស្រឡៅ,"Kouk Sralau","លេខ ៤៩៣ ប្រ.ក",,
ភូមិ,3130108,រោងគោ,"Roung Kou","លេខ ៤៩៣ ប្រ.ក",,
ភូមិ,3130109,វត្ដចាស់,"Voat Chas","លេខ ៤៩៣ ប្រ.ក",,
ភូមិ,3130110,រោលជ្រូក,"Roul Chruk","លេខ ៤៩៣ ប្រ.ក",,
ភូមិ,3130111,ព្រៃរំដេង,"Prey Rumdeng","លេខ ៤៩៣ ប្រ.ក",,
ភូមិ,3130112,សំណាក់ជើង,"Samnak Cheung","លេខ ៤៩៣ ប្រ.ក",,
ភូមិ,3130113,សំណាក់ត្បូង,"Samnak Tboung","លេខ ៤៩៣ ប្រ.ក",,
ឃុំ,31302,បឹងណាយ,"Boeng Nay","លេខ ៤៩៣ ប្រ.ក",,
ភូមិ,3130201,កុមារាជ្យ,"Komar Reach","ប្រកាសលេខ ៤៩៣ ប្រ.ក","កែឈ្មោះពី កុមាររាជ្យ ទៅជា កុមារាជ្យ",
ភូមិ,3130202,ត្រពាំងអញ្ចញ,"Trapeang Anhchanh","ប្រកាសលេខ ៤៩៣ ប្រ.ក","កែឈ្មោះពី ត្រពាំងអញ្ចាញ ទៅជា ត្រពាំងអញ្ចញ",
ភូមិ,3130203,ថ្មដា,"Thma Da","ប្រកាសលេខ ៤៩៣ ប្រ.ក",,
ភូមិ,3130204,ថ្មគោល,"Thma Koul","ប្រកាសលេខ ៤៩៣ ប្រ.ក",,
ភូមិ,3130205,ត្រពាំងបិត,"Trapeang Bet","ប្រកាសលេខ ៤៩៣ ប្រ.ក",,
ភូមិ,3130206,បឹងណាយ,"Boeng Nay","ប្រកាសលេខ ៤៩៣ ប្រ.ក",,
ភូមិ,3130207,ត្រពាំងធំ,"Trapeang Thum","ប្រកាសលេខ ៤៩៣ ប្រ.ក",,
ភូមិ,3130208,ប្រវ៉ាស់,Pravas,"ប្រកាសលេខ ៤៩៣ ប្រ.ក",,
ភូមិ,3130209,អ្នកតាស្នឹង,"Neak Ta Snoeng","ប្រកាសលេខ ៤៩៣ ប្រ.ក",,
ភូមិ,3130210,តាអុក,"Ta Ok","ប្រកាសលេខ ៤៩៣ ប្រ.ក",,
ភូមិ,3130211,ក្បាលដំរី,"Kbal Damrei","ប្រកាសលេខ ៤៩៣ ប្រ.ក",,
ភូមិ,3130212,ទួលខ្វាវ,"Tuol Khvav","ប្រកាសលេខ ៤៩៣ ប្រ.ក",,
ភូមិ,3130213,ឈូកស,"Chhuk Sa","ប្រកាសលេខ ៤៩៣ ប្រ.ក",,
ភូមិ,3130214,ឈើបាក់,"Chheu Bak","ប្រកាសលេខ ៤៩៣ ប្រ.ក",,
ភូមិ,3130215,ត្រើង,Traeung,"ប្រកាសលេខ ៤៩៣ ប្រ.ក",,
ភូមិ,3130216,ជន្លាត់ដៃ,"Chonloat Dai","ប្រកាសលេខ ៤៩៣ ប្រ.ក",,
ភូមិ,3130217,វត្ដចាស់,"Voat Chas","ប្រកាសលេខ ៤៩៣ ប្រ.ក",,
ឃុំ,31303,ជ្រៃវៀន,"Chrey Vien","លេខ ៤៩៣ ប្រ.ក",,
ភូមិ,3130301,ដៃបួន,"Dai Buon","លេខ ៤៩៣ ប្រ.ក",,
ភូមិ,3130302,ដូនដី,"Doun Dei","លេខ ៤៩៣ ប្រ.ក",,
ភូមិ,3130303,ត្រពាំងទូក,"Trapeang Tuk","លេខ ៤៩៣ ប្រ.ក",,
ភូមិ,3130304,ស្លែង,Slaeng,"លេខ ៤៩៣ ប្រ.ក",,
ភូមិ,3130305,បន្ទាយរឹង,"Banteay Rueng","លេខ ៤៩៣ ប្រ.ក",,
ភូមិ,3130306,ទួលតាកោ,"Tuol Ta Kao","លេខ ៤៩៣ ប្រ.ក",,
ភូមិ,3130307,ក្រឡោង,Kralaong,"លេខ ៤៩៣ ប្រ.ក",,
ភូមិ,3130308,អូរកំបុត,"Ou Kambot","ប្រកាសលេខ ៤៩៣ ប្រ.ក",,
ភូមិ,3130309,ខ្វិតតូច,"Khvet Touch","ប្រកាសលេខ ៤៩៣ ប្រ.ក",,
ភូមិ,3130310,ជ្រៃវៀន,"Chrey Vien","ប្រកាសលេខ ៤៩៣ ប្រ.ក",,
ភូមិ,3130311,ត្រពាំងអំពិល,"Trapeang Ampil","ប្រកាសលេខ ៤៩៣ ប្រ.ក",,
ភូមិ,3130312,តារាម,"Ta Ream","ប្រកាសលេខ ៤៩៣ ប្រ.ក",,
ភូមិ,3130313,ក្លែងពណ៌,"Klaeng Poar","ប្រកាសលេខ ៤៩៣ ប្រ.ក","កែឈ្មោះពី ក្លែងព៌ណ ទៅជា ក្លែងពណ៌",
ភូមិ,3130314,ទឹកនឹម,"Tuek Nuem","ប្រកាសលេខ ៤៩៣ ប្រ.ក",,
ភូមិ,3130315,ទួលបាក់គាំ,"Tuol Bak Koam","ប្រកាសលេខ ៤៩៣ ប្រ.ក",,
ភូមិ,3130316,ត្រពាំងសង្កែ,"Trapeang Sangkae","ប្រកាសលេខ ៤៩៣ ប្រ.ក",,
ភូមិ,3130317,ព្រៃទទឹង,"Prey Totueng","ប្រកាសលេខ ៤៩៣ ប្រ.ក",,
ភូមិ,3130318,ត្រពាំងព្នៅ,"Trapeang Pnov","ប្រកាសលេខ ៤៩៣ ប្រ.ក",,
ឃុំ,31304,ខ្វិតធំ,"Khvet Thum","លេខ ៤៩៣ ប្រ.ក",,
ភូមិ,3130401,ខ្វិតធំ,"Khvet Thum","ប្រកាសលេខ ៤៩៣ ប្រ.ក",,
ភូមិ,3130402,បារាយណ៍,Baray,"ប្រកាសលេខ ៤៩៣ ប្រ.ក",,
ភូមិ,3130403,អង្ក្រង,Angkrang,"ប្រកាសលេខ ៤៩៣ ប្រ.ក",,
ភូមិ,3130404,តាង៉ាល,"Ta Ngal","ប្រកាសលេខ ៤៩៣ ប្រ.ក",,
ភូមិ,3130405,អំពិលធំ,"Ampil Thum","ប្រកាសលេខ ៤៩៣ ប្រ.ក",,
ភូមិ,3130406,ដង្កោ,Dangkao,"ប្រកាសលេខ ៤៩៣ ប្រ.ក",,
ភូមិ,3130407,ប្រធាតុ,Pratheat,"ប្រកាសលេខ ៤៩៣ ប្រ.ក",,
ភូមិ,3130408,កប្បាស,Kabbas,"ប្រកាសលេខ ៤៩៣ ប្រ.ក",,
ឃុំ,31305,គរ,Kor,"លេខ ៤៩៣ ប្រ.ក",,
ភូមិ,3130501,ដូនឡី,"Doun Lei","ប្រកាសលេខ ៤៩៣ ប្រ.ក",,
ភូមិ,3130502,ម្រេញ,Mrenh,"ប្រកាសលេខ ៤៩៣ ប្រ.ក",,
ភូមិ,3130503,តាមាស,"Ta Meas","ប្រកាសលេខ ៤៩៣ ប្រ.ក",,
ភូមិ,3130504,តាកែវ,"Ta Kaev","ប្រកាសលេខ ៤៩៣ ប្រ.ក",,
ភូមិ,3130505,តាលៃ,"Ta Ley","ប្រកាសលេខ ៤៩៣ ប្រ.ក",,
ភូមិ,3130506,តាម៉ូត,"Ta Mout","ប្រកាសលេខ ៤៩៣ ប្រ.ក",,
ភូមិ,3130507,រំដួល,Rumduol,"ប្រកាសលេខ ៤៩៣ ប្រ.ក",,
ភូមិ,3130508,ស្វាយប៉ិន,"Svay Pen","ប្រកាសលេខ ៤៩៣ ប្រ.ក",,
ភូមិ,3130509,ក្រោយវត្ដ,"Kraoy Voat","ប្រកាសលេខ ៤៩៣ ប្រ.ក",,
ភូមិ,3130510,ត្រពាំងពោន,"Trapeang Poun","ប្រកាសលេខ ៤៩៣ ប្រ.ក",,
ឃុំ,31306,ក្រូច,Krouch,"លេខ ៤៩៣ ប្រ.ក",,
ភូមិ,3130601,អូរជ្រក,"Ou Chrok","ប្រកាសលេខ ៤៩៣ ប្រ.ក",,
ភូមិ,3130602,ព្រៃសាក់,"Prey Sak","ប្រកាសលេខ ៤៩៣ ប្រ.ក",,
ភូមិ,3130603,ទួលខ្ពស់,"Tuol Khpos","ប្រកាសលេខ ៤៩៣ ប្រ.ក",,
ភូមិ,3130604,ក្រសាំងតាម៉ង់,"Krasang Ta Mang","ប្រកាសលេខ ៤៩៣ ប្រ.ក",,
ភូមិ,3130605,ក្រូច,Krouch,"ប្រកាសលេខ ៤៩៣ ប្រ.ក",,
ភូមិ,3130606,ថ្មី,Thmei,"ប្រកាសលេខ ៤៩៣ ប្រ.ក",,
ភូមិ,3130607,សំរោង,Samraong,"ប្រកាសលេខ ៤៩៣ ប្រ.ក",,
ឃុំ,31307,ល្វា,Lvea,"លេខ ៤៩៣ ប្រ.ក",,
ភូមិ,3130701,គក,Kok,"ប្រកាសលេខ ៤៩៣ ប្រ.ក",,
ភូមិ,3130702,ត្រពាំងជីនាង,"Trapeang Chi Neang","ប្រកាសលេខ ៤៩៣ ប្រ.ក",,
ភូមិ,3130703,គោកទ្រាកើត,"Kouk Trea Kaeut","ប្រកាសលេខ ៤៩៣ ប្រ.ក",,
ភូមិ,3130704,គោកទ្រាលិច,"Kouk Trea Lech","ប្រកាសលេខ ៤៩៣ ប្រ.ក",,
ភូមិ,3130705,ស្ដុកអន្ទង់,"Sdok Antong","ប្រកាសលេខ ៤៩៣ ប្រ.ក",,
ភូមិ,3130706,តាចាក់,"Ta Chak","ប្រកាសលេខ ៤៩៣ ប្រ.ក",,
ភូមិ,3130707,មេមាំង,"Me Meang","ប្រកាសលេខ ៤៩៣ ប្រ.ក",,
ភូមិ,3130708,តាំងគោក,"Tang Kouk","ប្រកាសលេខ ៤៩៣ ប្រ.ក",,
ភូមិ,3130709,ល្វា,Lvea,"ប្រកាសលេខ ៤៩៣ ប្រ.ក",,
ភូមិ,3130710,តាំងត្រពាំង,"Tang Trapeang","ប្រកាសលេខ ៤៩៣ ប្រ.ក",,
ឃុំ,31308,មៀន,Mien,"លេខ ៤៩៣ ប្រ.ក",,
ភូមិ,3130801,ទួលព្រិច,"Tuol Prich","ប្រកាសលេខ ៤៩៣ ប្រ.ក",,
ភូមិ,3130802,អូរសង្កែ,"Ou Sangkae","ប្រកាសលេខ ៤៩៣ ប្រ.ក",,
ភូមិ,3130803,កេះ,Keh,"ប្រកាសលេខ ៤៩៣ ប្រ.ក",,
ភូមិ,3130804,ត្រពាំងឈូក,"Trapeang Chhuk","ប្រកាសលេខ ៤៩៣ ប្រ.ក",,
ភូមិ,3130805,ណាំកិន,"Nam Ken","ប្រកាសលេខ ៤៩៣ ប្រ.ក",,
ភូមិ,3130806,មៀន,Mien,"ប្រកាសលេខ ៤៩៣ ប្រ.ក",,
ភូមិ,3130807,ទួលពោន,"Tuol Poun","ប្រកាសលេខ ៤៩៣ ប្រ.ក",,
ភូមិ,3130808,ផ្កាយព្រឹក,"Phkay Proek","ប្រកាសលេខ ៤៩៣ ប្រ.ក",,
ភូមិ,3130809,កំពង់សំរិត,"Kampong Samret","ប្រកាសលេខ ៤៩៣ ប្រ.ក",,
ភូមិ,3130810,ក្រសាំងពុល,"Krasang Pul","ប្រកាសលេខ ៤៩៣ ប្រ.ក",,
ភូមិ,3130811,ដំណាក់ពង្រ,"Damnak Pongro","ប្រកាសលេខ ៤៩៣ ប្រ.ក",,
ភូមិ,3130812,កំពង់សំណាញ់,"Kampong Samnanh","ប្រកាសលេខ ៤៩៣ ប្រ.ក",,
ភូមិ,3130813,អូរតានៅ,"Ou Ta Nov","ប្រកាសលេខ ៤៩៣ ប្រ.ក",,
ភូមិ,3130814,ដីក្រហម,"Dei Kraham","ប្រកាសលេខ ៤៩៣ ប្រ.ក",,
ភូមិ,3130815,"ឃ្លោយទី ១","Khlouy Ti Muoy","ប្រកាសលេខ ៤៩៣ ប្រ.ក",,
ភូមិ,3130816,"ឃ្លោយទី ២","Khlouy Ti Pir","ប្រកាសលេខ ៤៩៣ ប្រ.ក",,
ភូមិ,3130817,"ឃ្លោយទី ៣","Khlouy Ti Bei","ប្រកាសលេខ ៤៩៣ ប្រ.ក",,
ភូមិ,3130818,"ឃ្លោយទី ៤","Khlouy Ti Buon","ប្រកាសលេខ ៤៩៣ ប្រ.ក",,
ភូមិ,3130819,ត្រើង,Traeung,"ប្រកាសលេខ ៤៩៣ ប្រ.ក",,
ឃុំ,31309,ព្រៃឈរ,"Prey Chhor","លេខ ៤៩៣ ប្រ.ក",,
ភូមិ,3130901,ព្រៃឈរ,"Prey Chhor","ប្រកាសលេខ ៤៩៣ ប្រ.ក",,
ភូមិ,3130902,សេកយំ,"Sek Yum","ប្រកាសលេខ ៤៩៣ ប្រ.ក",,
ភូមិ,3130903,ជ្រេស,Chres,"ប្រកាសលេខ ៤៩៣ ប្រ.ក",,
ភូមិ,3130904,សង្កែ,Sangkae,"ប្រកាសលេខ ៤៩៣ ប្រ.ក",,
ឃុំ,31310,សូរ្យសែន,"Sour Saen","លេខ ៤៩៣ ប្រ.ក",,
ភូមិ,3131001,សូរ្យសែន,"Sour Saen","ប្រកាសលេខ ៤៩៣ ប្រ.ក",,
ភូមិ,3131002,អណ្ដូង,Andoung,"ប្រកាសលេខ ៤៩៣ ប្រ.ក",,
ភូមិ,3131003,ត្រពាំងរាំង,"Trapeang Reang","ប្រកាសលេខ ៤៩៣ ប្រ.ក",,
ភូមិ,3131004,ត្រពាំងត្នោត,"Trapeang Tnaot","ប្រកាសលេខ ៤៩៣ ប្រ.ក",,
ភូមិ,3131005,ត្រើយអូរ,"Traeuy Ou","ប្រកាសលេខ ៤៩៣ ប្រ.ក",,
ភូមិ,3131006,ត្រពាំងត្បាល់,"Trapeang Tbal","ប្រកាសលេខ ៤៩៣ ប្រ.ក",,
ភូមិ,3131007,ចំបក់ថ្ម,"Chambak Thma","ប្រកាសលេខ ៤៩៣ ប្រ.ក",,
ភូមិ,3131008,ស្វាយរ័ក្ស,"Svay Reaks","ប្រកាសលេខ ៤៩៣ ប្រ.ក",,
ឃុំ,31311,សំរោង,Samraong,"លេខ ៤៩៣ ប្រ.ក",,
ភូមិ,3131101,បន្ទាយថ្មី,"Banteay Thmei","ប្រកាសលេខ ៤៩៣ ប្រ.ក",,
ភូមិ,3131102,តាក្រិត,"Ta Kret","ប្រកាសលេខ ៤៩៣ ប្រ.ក",,
ភូមិ,3131103,កណ្ដោលកោង,"Kandaol Kaong","ប្រកាសលេខ ៤៩៣ ប្រ.ក",,
ភូមិ,3131104,ឫស្សី,Ruessei,"ប្រកាសលេខ ៤៩៣ ប្រ.ក","កែឈ្មោះពី ទំពាំងឫស្សី  ទៅជា ឫស្សី",
ភូមិ,3131105,ស្វាយព្រៃ,"Svay Prey","ប្រកាសលេខ ៤៩៣ ប្រ.ក",,
ភូមិ,3131106,សំរោង,Samraong,"ប្រកាសលេខ ៤៩៣ ប្រ.ក",,
ភូមិ,3131107,សូដី,Soudei,"ប្រកាសលេខ ៤៩៣ ប្រ.ក",,
ភូមិ,3131108,ថ្មី,Thmei,"ប្រកាសលេខ ៤៩៣ ប្រ.ក",,
ភូមិ,3131109,វាល,Veal,"ប្រកាសលេខ ៤៩៣ ប្រ.ក",,
ភូមិ,3131110,ស្មេរ,Smer,"ប្រកាសលេខ ៤៩៣ ប្រ.ក",,
ភូមិ,3131111,ព្រៃខ្ជាយ,"Prey Khchay","ប្រកាសលេខ ៤៩៣ ប្រ.ក",,
ឃុំ,31312,ស្រង៉ែ,Sragnae,"លេខ ៤៩៣ ប្រ.ក",,
ភូមិ,3131201,ស្រង៉ែជើង,"Srangae Cheung","ប្រកាសលេខ ៤៩៣ ប្រ.ក",,
ភូមិ,3131202,ស្រង៉ែត្បូង,"Srangae Tboung","ប្រកាសលេខ ៤៩៣ ប្រ.ក",,
ភូមិ,3131203,សេនសុនត្បូង,"Senson Tboung","ប្រកាសលេខ ៤៩៣ ប្រ.ក",,
ភូមិ,3131204,សេនសុនជើង,"Senson Cheung","ប្រកាសលេខ ៤៩៣ ប្រ.ក",,
ភូមិ,3131205,តាសរ,"Ta Sar","ប្រកាសលេខ ៤៩៣ ប្រ.ក",,
ភូមិ,3131206,តាកុច,"Ta Koch","ប្រកាសលេខ ៤៩៣ ប្រ.ក",,
ភូមិ,3131207,ត្រពាំងធំ,"Trapeang Thum","ប្រកាសលេខ ៤៩៣ ប្រ.ក",,
ភូមិ,3131208,ត្រពាំងរូង,"Trapeang Rung","ប្រកាសលេខ ៤៩៣ ប្រ.ក",,
ឃុំ,31313,ថ្មពូន,"Thma Pun","លេខ ៤៩៣ ប្រ.ក",,
ភូមិ,3131301,ត្រាំង,Trang,"ប្រកាសលេខ ៤៩៣ ប្រ.ក",,
ភូមិ,3131302,អណ្ដូងតាពេជ្រ,"Andoung Ta Pech","ប្រកាសលេខ ៤៩៣ ប្រ.ក",,
ភូមិ,3131303,ត្រពាំងបឹង,"Trapeang Boeng","ប្រកាសលេខ ៤៩៣ ប្រ.ក",,
ភូមិ,3131304,ទួលថ្ម,"Tuol Thma","ប្រកាសលេខ ៤៩៣ ប្រ.ក",,
ភូមិ,3131305,លិចវត្ដ,"Lech Voat","ប្រកាសលេខ ៤៩៣ ប្រ.ក",,
ភូមិ,3131306,អណ្ដូងផ្ដៅ,"Andoung Phdau","ប្រកាសលេខ ៤៩៣ ប្រ.ក",,
ភូមិ,3131307,ថ្មពូនកណ្ដាល,"Thma Pun Kandal","ប្រកាសលេខ ៤៩៣ ប្រ.ក",,
ភូមិ,3131308,អណ្ដូងតាឡឹង,"Andoung Ta Loeng","ប្រកាសលេខ ៤៩៣ ប្រ.ក",,
ភូមិ,3131309,អូរតាថុក,"Ou Ta Thok","ប្រកាសលេខ ៤៩៣ ប្រ.ក",,
ឃុំ,31314,តុងរ៉ុង,"Tong Rong","លេខ ៤៩៣ ប្រ.ក",,
ភូមិ,3131401,តុងរ៉ុង,"Tong Rong","ប្រកាសលេខ ៤៩៣ ប្រ.ក",,
ភូមិ,3131402,ផ្ទះខ្ពស់,"Phteah Khpos","ប្រកាសលេខ ៤៩៣ ប្រ.ក",,
ភូមិ,3131403,ធ្នង់,Thnong,"ប្រកាសលេខ ៤៩៣ ប្រ.ក",,
ភូមិ,3131404,ប្រាសាទ,Prasat,"ប្រកាសលេខ ៤៩៣ ប្រ.ក",,
ភូមិ,3131405,សំរោង,Samraong,"ប្រកាសលេខ ៤៩៣ ប្រ.ក",,
ភូមិ,3131406,ព្រះស្រុក,"Preah Srok","ប្រកាសលេខ ៤៩៣ ប្រ.ក",,
ភូមិ,3131407,គកកណ្ដាល,"Kok Kandal","ប្រកាសលេខ ៤៩៣ ប្រ.ក",,
ភូមិ,3131408,"ទ្រមុខទី ១","Tro Mukh Ti Muoy","ប្រកាសលេខ ៤៩៣ ប្រ.ក",,
ភូមិ,3131409,"ទ្រមុខទី ២","Tro Mukh Ti Pir","ប្រកាសលេខ ៤៩៣ ប្រ.ក",,
ភូមិ,3131410,ដូង,Doung,"ប្រកាសលេខ ៤៩៣ ប្រ.ក",,
ឃុំ,31315,ត្រពាំងព្រះ,"Trapeang Preah","លេខ ៤៩៣ ប្រ.ក",,
ភូមិ,3131501,កោះស្វាយ,"Kaoh Svay","ប្រកាសលេខ ៤៩៣ ប្រ.ក",,
ភូមិ,3131502,ព្រីងបីដើម,"Pring Bei Daeum","ប្រកាសលេខ ៤៩៣ ប្រ.ក",,
ភូមិ,3131503,ចចក,Chachak,"ប្រកាសលេខ ៤៩៣ ប្រ.ក",,
ភូមិ,3131504,ព្រៃស្រឡៅ,"Prey Sralau","ប្រកាសលេខ ៤៩៣ ប្រ.ក",,
ភូមិ,3131505,ពួនប្រម៉ាត់,"Puon Pramat","ប្រកាសលេខ ៤៩៣ ប្រ.ក","កែឈ្មោះពី ពួនប្រមាត់ ទៅជា ពួនប្រម៉ាត់",
ភូមិ,3131506,គូរ,Kur,"ប្រកាសលេខ ៤៩៣ ប្រ.ក",,
ភូមិ,3131507,ស្បែង,Sbaeng,"ប្រកាសលេខ ៤៩៣ ប្រ.ក",,
ភូមិ,3131508,ព្រៃស្រឡាញ,"Prey Sralanh","ប្រកាសលេខ ៤៩៣ ប្រ.ក","កែឈ្មោះពី ព្រៃស្រឡាញ់ ទៅជា ព្រៃស្រឡាញ",
ភូមិ,3131509,ត្រពាំងល័ក្ខ,"Trapeang Leak","ប្រកាសលេខ ៤៩៣ ប្រ.ក","កែឈ្មោះពី ត្រពាំងល័ក្ខណ៍ ទៅជា ត្រពាំងល័ក្ខ",
ភូមិ,3131510,អូរដា,"Ou Da","ប្រកាសលេខ ៤៩៣ ប្រ.ក",,
ភូមិ,3131511,ត្រពាំងរាំង,"Trapeang Reang","ប្រកាសលេខ ៤៩៣ ប្រ.ក",,
ភូមិ,3131512,ទួលអំពិល,"Tuol Ampil","ប្រកាសលេខ ៤៩៣ ប្រ.ក",,
ភូមិ,3131513,តាលន,"Ta Lon","ប្រកាសលេខ ៤៩៣ ប្រ.ក",,
ភូមិ,3131514,កោះកាភេម,"Kaoh Kaphem","ប្រកាសលេខ ៤៩៣ ប្រ.ក",,
ភូមិ,3131515,ត្រពាំងស្វាយ,"Trapeang svay","ប្រកាសលេខ ៤៩៣ ប្រ.ក",,
ភូមិ,3131516,អង,Ang,"ប្រកាសលេខ ៤៩៣ ប្រ.ក",,
ភូមិ,3131517,ដូង,Doung,"ប្រកាសលេខ ៤៩៣ ប្រ.ក",,
ភូមិ,3131518,ទន្លេស,"Tonle Sa","ប្រកាសលេខ ៤៩៣ ប្រ.ក",,
ភូមិ,3131519,កកោះ,Kakaoh,"ប្រកាសលេខ ៤៩៣ ប្រ.ក",,
ភូមិ,3131520,អូរដូនញា,"Ou Doun Nhea","ប្រកាសលេខ ៤៩៣ ប្រ.ក",,
ភូមិ,3131521,ខ្វាវ,Khvav,"ប្រកាសលេខ ៤៩៣ ប្រ.ក",,
ភូមិ,3131522,ដីឡូតិ៍,"Dei Lou","ប្រកាសលេខ ៤៩៣ ប្រ.ក",,
ភូមិ,3131523,រលួស,Roluos,"ប្រកាសលេខ ៤៩៣ ប្រ.ក",,
ភូមិ,3131524,ត្រពាំងក្រសាំង,"Trapeang Krasang","ប្រកាសលេខ ៤៩៣ ប្រ.ក",,
ស្រុក,314,ស្រីសន្ធរ,"Srei Santhor","អនុក្រឹត្យលេខ ២៣៤អនក្រ.បក",,
ឃុំ,31401,បារាយណ៍,Baray,"ប្រកាសលេខ ៤៩៣ ប្រ.ក",,
ភូមិ,3140101,ស្យាបឹងវែង,"Sya Boeng Veaeng","ប្រកាសលេខ ៤៩៣ ប្រ.ក",,
ភូមិ,3140102,ស្យាអំពិល,"Sya Ampil","ប្រកាសលេខ ៤៩៣ ប្រ.ក",,
ភូមិ,3140103,បន្ទាយ,Banteay,"ប្រកាសលេខ ៤៩៣ ប្រ.ក",,
ភូមិ,3140104,កំផ្លាក,Kamphlak,"ប្រកាសលេខ ៤៩៣ ប្រ.ក",,
ឃុំ,31402,ជីបាល,"Chi Bal","ប្រកាសលេខ ៤៩៣ ប្រ.ក",,
ភូមិ,3140201,ខ្នុរដូង,"Khnor Doung","ប្រកាសលេខ ៤៩៣ ប្រ.ក",,
ភូមិ,3140202,ស្លែង,Slaeng,"ប្រកាសលេខ ៤៩៣ ប្រ.ក",,
ភូមិ,3140203,ជីបាល,"Chi Bal","ប្រកាសលេខ ៤៩៣ ប្រ.ក",,
ភូមិ,3140204,តាំងក្រាំង,"Tang Krang","ប្រកាសលេខ ៤៩៣ ប្រ.ក",,
ភូមិ,3140205,ខ្យោង,Khyaong,"ប្រកាសលេខ ៤៩៣ ប្រ.ក",,
ឃុំ,31403,ខ្នារស,"Khnar Sa","ប្រកាសលេខ ៤៩៣ ប្រ.ក",,
ភូមិ,3140301,អង់,Ang,"ប្រកាសលេខ ៤៩៣ ប្រ.ក",,
ភូមិ,3140302,ក្ងោក,Kngaok,"ប្រកាសលេខ ៤៩៣ ប្រ.ក",,
ភូមិ,3140303,ទ្រារស,"Trea Sa","ប្រកាសលេខ ៤៩៣ ប្រ.ក","កែឈ្មោះពី ទ្រា ស ទៅជា ទ្រារស",
ភូមិ,3140304,ខ្នារ,Khnar,"ប្រកាសលេខ ៤៩៣ ប្រ.ក",,
ភូមិ,3140305,អំពិល,Ampil,"ប្រកាសលេខ ៤៩៣ ប្រ.ក",,
ឃុំ,31404,កោះអណ្ដែត,"Kaoh Andaet","ប្រកាសលេខ ៤៩៣ ប្រ.ក",,
ភូមិ,3140401,ក្បាលកោះ,"Kbal Kaoh","ប្រកាសលេខ ៤៩៣ ប្រ.ក",,
ភូមិ,3140402,គគីរ,Kokir,"ប្រកាសលេខ ៤៩៣ ប្រ.ក",,
ភូមិ,3140403,ចុងកោះ,"Chong Kaoh","ប្រកាសលេខ ៤៩៣ ប្រ.ក",,
ភូមិ,3140404,ក្រូចសើច,"Krouch Saeuch","ប្រកាសលេខ ៤៩៣ ប្រ.ក",,
ឃុំ,31405,មានជ័យ,"Mean Chey",,,
ភូមិ,3140501,វាល,Veal,"ប្រកាសលេខ ៤៩៣ ប្រ.ក",,
ភូមិ,3140502,មាន់ដប់លើ,"Moan Dab Leu","ប្រកាសលេខ ៤៩៣ ប្រ.ក",,
ភូមិ,3140503,មាន់ដប់ក្រោម,"Moan Dab Kraom","ប្រកាសលេខ ៤៩៣ ប្រ.ក",,
ភូមិ,3140504,កោះគោ,"Kaoh Kou","ប្រកាសលេខ ៤៩៣ ប្រ.ក",,
ភូមិ,3140505,ជ័យ,Chey,"ប្រកាសលេខ ៤៩៣ ប្រ.ក",,
ភូមិ,3140506,សំរោង,Samraong,"ប្រកាសលេខ ៤៩៣ ប្រ.ក",,
ភូមិ,3140507,ប៉ុកប៉ែន,"Pok Paen","ប្រកាសលេខ ៤៩៣ ប្រ.ក",,
ឃុំ,31406,ផ្ទះកណ្ដាល,"Phteah Kandal","ប្រកាសលេខ ៤៩៣ ប្រ.ក",,
ភូមិ,3140601,អូលាវ,"Ou Leav","ប្រកាសលេខ ៤៩៣ ប្រ.ក",,
ភូមិ,3140602,ផ្ទះកណ្ដាលលើ,"Phteah Kandal Leu","ប្រកាសលេខ ៤៩៣ ប្រ.ក","កែឈ្មោះពី អូរលាវ ទៅជា អូលាវ",
ភូមិ,3140603,ផ្ទះកណ្ដាលក្រោម,"Phteah Kandal Kraom","ប្រកាសលេខ ៤៩៣ ប្រ.ក",,
ភូមិ,3140604,ចុងបឹងក្រៅ,"Chong Boeng Krau","ប្រកាសលេខ ៤៩៣ ប្រ.ក",,
ឃុំ,31407,ប្រាំយ៉ាម,"Pram Yam","ប្រកាសលេខ ៤៩៣ ប្រ.ក",,
ភូមិ,3140701,ប្រាំយ៉ាម,"Pram Yam","ប្រកាសលេខ ៤៩៣ ប្រ.ក",,
ភូមិ,3140702,ក្ដីថ្ក,"Kdei Thka","ប្រកាសលេខ ៤៩៣ ប្រ.ក",,
ភូមិ,3140703,ជើងដឹក,"Cheung Doek","ប្រកាសលេខ ៤៩៣ ប្រ.ក",,
ភូមិ,3140704,ជីប្រាយ,"Chi Pray","ប្រកាសលេខ ៤៩៣ ប្រ.ក",,
ឃុំ,31408,ព្រែកដំបូក,"Preaek Dambouk","ប្រកាសលេខ ៤៩៣ ប្រ.ក",,
ភូមិ,3140801,តាកយ,"Ta Kay","ប្រកាសលេខ ៤៩៣ ប្រ.ក",,
ភូមិ,3140802,តាម៉ឺន,"Ta Meun","ប្រកាសលេខ ៤៩៣ ប្រ.ក",,
ភូមិ,3140803,តាមល់,"Ta Mol","ប្រកាសលេខ ៤៩៣ ប្រ.ក",,
ភូមិ,3140804,ចុងបឹងក្នុង,"Chong Boeng Knong","ប្រកាសលេខ ៤៩៣ ប្រ.ក",,
ភូមិ,3140805,ព្រែកដំបូកក្រោម,"Preaek Dambouk Kraom","ប្រកាសលេខ ៤៩៣ ប្រ.ក",,
ភូមិ,3140806,ព្រែកដំបូកលើ,"Preaek Dambouk Leu","ប្រកាសលេខ ៤៩៣ ប្រ.ក",,
ភូមិ,3140807,ស្វាយម៉ូ,"Svay Mou","ប្រកាសលេខ ៤៩៣ ប្រ.ក",,
ភូមិ,3140808,អំពិល,Ampil,"ប្រកាសលេខ ៤៩៣ ប្រ.ក",,
ភូមិ,3140809,ផ្ទះវាល,"Phteah Veal","ប្រកាសលេខ ៤៩៣ ប្រ.ក",,
ឃុំ,31409,ព្រែកពោធិ,"Preaek Pou","ប្រកាសលេខ ៤៩៣ ប្រ.ក",,
ភូមិ,3140901,រកាទ្វារ,"Roka Tvear","ប្រកាសលេខ ៤៩៣ ប្រ.ក",,
ភូមិ,3140902,ព្រែកពោធិ៍លើ,"Preaek Pou Leu","ប្រកាសលេខ ៤៩៣ ប្រ.ក",,
ភូមិ,3140903,ព្រែកពោធិ៍ក្រោម,"Preaek Pou Kraom","ប្រកាសលេខ ៤៩៣ ប្រ.ក",,
ភូមិ,3140904,ច្រស់,Chras,"ប្រកាសលេខ ៤៩៣ ប្រ.ក",,
ភូមិ,3140905,ប្រថ្នល់,Prathnal,"ប្រកាសលេខ ៤៩៣ ប្រ.ក",,
ភូមិ,3140906,គោកចារ,"Kouk Char","ប្រកាសលេខ ៤៩៣ ប្រ.ក",,
ភូមិ,3140907,សន្ទៃ,Santey,"ប្រកាសលេខ ៤៩៣ ប្រ.ក",,
ភូមិ,3140908,ថ្មដា,"Thma Da","ប្រកាសលេខ ៤៩៣ ប្រ.ក",,
ភូមិ,3140909,ទូរីលើ,"Turi Leu","ប្រកាសលេខ ៤៩៣ ប្រ.ក",,
ភូមិ,3140910,ទូរីកណ្ដាល,"Turi Kandal","ប្រកាសលេខ ៤៩៣ ប្រ.ក",,
ភូមិ,3140911,ទូរីក្រោម,"Turi Kraom","ប្រកាសលេខ ៤៩៣ ប្រ.ក",,
ភូមិ,3140912,ព្រៃត្បេះ,"Prey Tbeh","ប្រកាសលេខ ៤៩៣ ប្រ.ក",,
ឃុំ,31410,ព្រែករំដេង,"Preaek Rumdeng","ប្រកាសលេខ ៤៩៣ ប្រ.ក",,
ភូមិ,3141001,ក្សេរ,Kser,"ប្រកាសលេខ ៤៩៣ ប្រ.ក",,
ភូមិ,3141002,អូឡេង,"Ou Leng","ប្រកាសលេខ ៤៩៣ ប្រ.ក","កែឈ្មោះពី អូរឡេង ទៅជា អូឡេង",
ភូមិ,3141003,"ត្នោត ""ក""","Tnaot Ka","ប្រកាសលេខ ៤៩៣ ប្រ.ក","កែឈ្មោះពី ត្នោត ក ទៅជា ត្នោត""ក""",
ភូមិ,3141004,"ត្នោត ""ខ""","Tnaot Kha","ប្រកាសលេខ ៤៩៣ ប្រ.ក","កែឈ្មោះពី ត្នោត ខ ទៅជា ត្នោត""ខ""",
ភូមិ,3141005,"ព្រែករំដេង ""ក""","Preaek Rumdeng Ka","ប្រកាសលេខ ៤៩៣ ប្រ.ក","កែឈ្មោះពី ព្រែករំដេង ក ទៅជា ព្រែករំដេង ""ក""",
ភូមិ,3141006,"ព្រែករំដេង ""ខ""","Preaek Rumdeng Kha","ប្រកាសលេខ ៤៩៣ ប្រ.ក","កែឈ្មោះពី ព្រែករំដេង ខ ទៅជា ព្រែករំដេង""ខ""",
ភូមិ,3141007,"ព្រែករំដេង ""គ""","Preaek Rumdeng Kho","ប្រកាសលេខ ៤៩៣ ប្រ.ក","កែឈ្មោះពី ព្រែករំដេង គ ទៅជា ព្រែករំដេង""គ""",
ភូមិ,3141008,"ព្រែកឪជ្រឹង ""ក""","Preaek Ouv Chrueng Ka","ប្រកាសលេខ ៤៩៣ ប្រ.ក","កែឈ្មោះពី ព្រែកឳជ្រឹង ក ទៅជា ព្រែកឳជ្រឹង""ក""",
ភូមិ,3141009,"ព្រែកឪជ្រឹង ""ខ""","Preaek Ouv Chrueng Kha","ប្រកាសលេខ ៤៩៣ ប្រ.ក","កែឈ្មោះពី ព្រែកជ្រឹង ខ ទៅជា ព្រែកជ្រឹង""ខ""",
ភូមិ,3141010,"ស្វាយតានាន់ ""ក""","Svay Ta Noan Ka","ប្រកាសលេខ ៤៩៣ ប្រ.ក","កែឈ្មោះពី ស្វាយតានាន់ ក ទៅជា ស្វាយតានាន់""ក""",
ភូមិ,3141011,"ស្វាយតានាន់ ""ខ""","Svay Ta Noan Kha","ប្រកាសលេខ ៤៩៣ ប្រ.ក","កែឈ្មោះពី ស្វាយតានាន់ ខ ទៅជា ស្វាយតានាន់""ខ""",
ភូមិ,3141012,កំពង់ព្នៅ,"Kampong Pnov","ប្រកាសលេខ ៤៩៣ ប្រ.ក",,
ភូមិ,3141013,តាកុច,"Ta Koch","ប្រកាសលេខ ៤៩៣ ប្រ.ក",,
ភូមិ,3141014,តាង៉កថ្មី,"Ta Ngak Thmei","ប្រកាសលេខ ៤៩៣ ប្រ.ក",,
ឃុំ,31411,ឫស្សីស្រុក,"Ruessei Srok","ប្រកាសលេខ ៤៩៣ ប្រ.ក",,
ភូមិ,3141101,ត្នោតក្រោម,"Tnaot Kraom","ប្រកាសលេខ ៤៩៣ ប្រ.ក",,
ភូមិ,3141102,ព្រៃទទឹង,"Prey Totueng","ប្រកាសលេខ ៤៩៣ ប្រ.ក",,
ភូមិ,3141103,ឫស្សីស្រុក,"Ruessei Srok","ប្រកាសលេខ ៤៩៣ ប្រ.ក",,
ភូមិ,3141104,ត្នោតលើ,"Tnaot Leu","ប្រកាសលេខ ៤៩៣ ប្រ.ក",,
ឃុំ,31412,ស្វាយពោធិ,"Svay Pou","ប្រកាសលេខ ៤៩៣ ប្រ.ក",,
ភូមិ,3141201,ពោធិ៍,Pou,"ប្រកាសលេខ ៤៩៣ ប្រ.ក",,
ភូមិ,3141202,ស្វាយ,Svay,"ប្រកាសលេខ ៤៩៣ ប្រ.ក",,
ភូមិ,3141203,ជីប៉ោ,"Chi Pao","ប្រកាសលេខ ៤៩៣ ប្រ.ក",,
ភូមិ,3141204,ទាហ៊ា,"Tea Hea","ប្រកាសលេខ ៤៩៣ ប្រ.ក",,
ភូមិ,3141205,ទ្រា,Trea,"ប្រកាសលេខ ៤៩៣ ប្រ.ក",,
ភូមិ,3141206,ខ្វិត,Khvet,"ប្រកាសលេខ ៤៩៣ ប្រ.ក",,
ឃុំ,31413,ស្វាយខ្សាច់ភ្នំ,"Svay Khsach Phnum","ប្រកាសលេខ ៤៩៣ ប្រ.ក",,
ភូមិ,3141301,ស្វាយលើ,"Svay Leu","ប្រកាសលេខ ៤៩៣ ប្រ.ក",,
ភូមិ,3141302,ស្វាយកណ្ដាល,"Svay Kandal","ប្រកាសលេខ ៤៩៣ ប្រ.ក",,
ភូមិ,3141303,ស្វាយត្បូង,"Svay Tboung","ប្រកាសលេខ ៤៩៣ ប្រ.ក",,
ភូមិ,3141304,ស្វាយក្រោម,"Svay Kraom","ប្រកាសលេខ ៤៩៣ ប្រ.ក",,
ឃុំ,31414,ទងត្រឡាច,"Tong Tralach","ប្រកាសលេខ ៤៩៣ ប្រ.ក",,
ភូមិ,3141401,ទងត្រឡាច,"Tong Tralach","ប្រកាសលេខ ៤៩៣ ប្រ.ក",,
ភូមិ,3141402,បឹងទីង,"Boeng Ting","ប្រកាសលេខ ៤៩៣ ប្រ.ក",,
ភូមិ,3141403,ខ្ទឹង,Khtueng,"ប្រកាសលេខ ៤៩៣ ប្រ.ក",,
ភូមិ,3141404,ចន្លាត់ដៃ,"Chonloat Dai","ប្រកាសលេខ ៤៩៣ ប្រ.ក",,
ស្រុក,315,ស្ទឹងត្រង់,"Stueng Trang","ប្រកាសលេខ ៤៩៣ប្រ.ក",,
ឃុំ,31501,អារក្សត្នោត,"Areaks Tnot","ប្រកាសលេខ ៤៩៣ ប្រ.ក",,
ភូមិ,3150101,អារក្សត្នោត,"Areaks Tnaot","លេខ ៤៩៣ ប្រ.ក",,
ភូមិ,3150103,"គីឡូ​ ៧","Kilou Prampir","លេខ ៤៩៣ ប្រ.ក","កែឈ្មោះពី គីឡូប្រាំពីរ ទៅជា គីឡូ៧",
ភូមិ,3150104,"គីឡូ ១០","Kilou Dab","លេខ ៤៩៣ ប្រ.ក","កែឈ្មោះពី គីឡូដប ទៅជា គីឡូ១០",
ភូមិ,3150106,ល្វា១,"Lvea Muoy","ប្រកាសលេខ​ ១២៣ ប្រ.ក ចុះថ្ងៃទី ០៩​ មករា ២០២៣ របស់ ក្រសួងមហាផ្ទៃ",,
ភូមិ,3150107,ល្វា២,"Lvea Pi","ប្រកាសលេខ​ ១២៣ ប្រ.ក ចុះថ្ងៃទី ០៩​ មករា ២០២៣ របស់ ក្រសួងមហាផ្ទៃ",,
ភូមិ,3150108,បែកអន្លូង១,"Bek Anloung Muoy","ប្រកាសលេខ​ ១២៣ ប្រ.ក ចុះថ្ងៃទី ០៩​ មករា ២០២៣ របស់ ក្រសួងមហាផ្ទៃ",,
ភូមិ,3150109,បែកអន្លូង២,"Bek Anloung Pi","ប្រកាសលេខ​ ១២៣ ប្រ.ក ចុះថ្ងៃទី ០៩​ មករា ២០២៣ របស់ ក្រសួងមហាផ្ទៃ",,
ឃុំ,31503,ដងក្ដារ,"Dang Kdar","ប្រកាសលេខ ៤៩៣ ប្រ.ក",,
ភូមិ,3150301,សន្ទិចកើត,"Santich Kaeut","លេខ ៤៩៣ ប្រ.ក",,
ភូមិ,3150302,សន្ទិចលិច,"Santich Lech","លេខ ៤៩៣ ប្រ.ក",,
ភូមិ,3150303,សន្ទិចកណ្ដាល,"Santich Kandal","លេខ ៤៩៣ ប្រ.ក",,
ភូមិ,3150304,ហុងប្រម៉ា,"Hong Prama","លេខ ៤៩៣ ប្រ.ក",,
ភូមិ,3150305,ជ្រៃហាយ,"Chrey Hay","លេខ ៤៩៣ ប្រ.ក",,
ភូមិ,3150306,ថ្មី,Thmei,"លេខ ៤៩៣ ប្រ.ក",,
ភូមិ,3150307,ស្រែរំដួល,"Srae Rumduol","លេខ ៤៩៣ ប្រ.ក",,
ភូមិ,3150308,តារៀម,"Ta Riem","លេខ ៤៩៣ ប្រ.ក",,
ភូមិ,3150309,ស្ដៅ,Sdau,"លេខ ៤៩៣ ប្រ.ក",,
ភូមិ,3150310,អូរពីរ,"Ou Pir","លេខ ៤៩៣ ប្រ.ក",,
ឃុំ,31504,ខ្ពបតាងួន,"Khpob Ta Nguon","ប្រកាសលេខ ៤៩៣ ប្រ.ក",,
ភូមិ,3150401,អូររុន,"Ou Run","លេខ ៤៩៣ ប្រ.ក",,
ភូមិ,3150402,អន្លង់សំឡី,"Anlong Samlei","លេខ ៤៩៣ ប្រ.ក",,
ភូមិ,3150403,ព្រែកទក់,"Preaek Tok","លេខ ៤៩៣ ប្រ.ក",,
ភូមិ,3150404,ខ្ពបតាងួន,"Khpob Ta Nguon","លេខ ៤៩៣ ប្រ.ក",,
ភូមិ,3150405,ឈើទើ,"Chheu Teu","លេខ ៤៩៣ ប្រ.ក",,
ភូមិ,3150406,វាលបំពង់,"Veal Bampong","លេខ ៤៩៣ ប្រ.ក",,
ឃុំ,31505,មេសរជ្រៃ,"Me Sar Chrey","ប្រកាសលេខ ៤៩៣ ប្រ.ក",,
ភូមិ,3150501,អូរលើ,"Ou Leu","លេខ ៤៩៣ ប្រ.ក",,
ភូមិ,3150502,ក្បាលអូរ,"Kbal Ou","លេខ ៤៩៣ ប្រ.ក",,
ភូមិ,3150503,បុសពោធិ,"Bos Pou","លេខ ៤៩៣ ប្រ.ក","កែឈ្មោះពី បុសពោធិ៍ ទៅជា បុសពោធិ",
ភូមិ,3150504,អូរបេង,"Ou Beng","លេខ ៤៩៣ ប្រ.ក",,
ភូមិ,3150505,ត្រពាំងឈូក,"Trapeang Chhuk","លេខ ៤៩៣ ប្រ.ក",,
ឃុំ,31506,អូរម្លូ,"Ou Mlu","ប្រកាសលេខ ៤៩៣ ប្រ.ក",,
ភូមិ,3150601,ខ្ទួយទី១,"Khtuoy Ti Muoy","លេខ ៤៩៣ ប្រ.ក",,
ភូមិ,3150602,ខ្ទួយទី២,"Khtuoy Ti Pir","លេខ ៤៩៣ ប្រ.ក",,
ភូមិ,3150603,"ខ្ទួយទី ៣","Khtuoy Ti Bei","លេខ ៤៩៣ ប្រ.ក",,
ភូមិ,3150604,"ខ្ទួយទី ៤","Khtuoy Ti Buon","លេខ ៤៩៣ ប្រ.ក",,
ភូមិ,3150605,អូរប្រឡោះ,"Ou Pralaoh","លេខ ៤៩៣ ប្រ.ក",,
ភូមិ,3150606,អូរកាប់មាន់,"Ou Kab Moan","លេខ ៤៩៣ ប្រ.ក",,
ភូមិ,3150607,អូរឫស្សី,"Ou Ruessei","លេខ ៤៩៣ ប្រ.ក",,
ភូមិ,3150608,អូរតាសេក,"Ou Ta Sek","លេខ ៤៩៣ ប្រ.ក",,
ភូមិ,3150609,សំរោង,Samraong,"លេខ ៤៩៣ ប្រ.ក",,
ភូមិ,3150610,ប្រទង,Pratong,"លេខ ៤៩៣ ប្រ.ក",,
ភូមិ,3150611,បិទធ្នូ,"Bet Thnu","លេខ ៤៩៣ ប្រ.ក",,
ភូមិ,3150612,ស្ពង់សាខាថ្មី,"Spong Sakha Thmei","លេខ ៤៩៣ ប្រ.ក",,
ភូមិ,3150613,ស្ពង់សាខាចាស់,"Spong Sakha Chas","លេខ ៤៩៣ ប្រ.ក",,
ឃុំ,31507,ពាមកោះស្នា,"Peam Kaoh Snar","ប្រកាសលេខ ៤៩៣ ប្រ.ក",,
ភូមិ,3150701,ពាមក្រៅ,"Peam Krau","លេខ ៤៩៣ ប្រ.ក",,
ភូមិ,3150702,ពាមក្នុង,"Peam Knong","លេខ ៤៩៣ ប្រ.ក",,
ភូមិ,3150703,ដីលើ,"Dei Leu","លេខ ៤៩៣ ប្រ.ក",,
ភូមិ,3150704,ទួលរការ,"Tuol Rokar","លេខ ៤៩៣ ប្រ.ក",,
ភូមិ,3150705,ដីដុះ,"Dei Doh","លេខ ៤៩៣ ប្រ.ក",,
ភូមិ,3150706,ព្រែកសង្កែកើត,"Preaek Sangkae Kaeut","លេខ ៤៩៣ ប្រ.ក",,
ភូមិ,3150707,ព្រែកសង្កែលិច,"Preaek Sangkae Lech","លេខ ៤៩៣ ប្រ.ក",,
ភូមិ,3150708,កោះកណ្ដាល,"Kaoh Kandal","លេខ ៤៩៣ ប្រ.ក",,
ភូមិ,3150709,ស្រែសង្កែ,"Srae Sangkae","លេខ ៤៩៣ ប្រ.ក",,
ឃុំ,31508,ព្រះអណ្ដូង,"Preah Andoung","ប្រកាសលេខ ៤៩៣ ប្រ.ក",,
ភូមិ,3150801,ព្រែកស្ដី,"Preaek Sdei","លេខ ៤៩៣ ប្រ.ក",,
ភូមិ,3150802,"ព្រះអណ្ដូង ទី ១","Preah Andoung Ti Muoy","លេខ ៤៩៣ ប្រ.ក",,
ភូមិ,3150803,"ព្រះអណ្ដូង ទី ២","Preah Andoung Ti Pir","លេខ ៤៩៣ ប្រ.ក",,
ឃុំ,31509,ព្រែកបាក់,"Preaek Bak","ប្រកាសលេខ ៤៩៣ ប្រ.ក",,
ភូមិ,3150902,ព្រែកកក់,"Preaek Kak","លេខ ៤៩៣ ប្រ.ក",,
ភូមិ,3150903,ព្រែករលួស,"Preaek Roluos","លេខ ៤៩៣ ប្រ.ក",,
ភូមិ,3150904,ព្រែកព្រះអង្គ,"Preaek Preah Angk","លេខ ៤៩៣ ប្រ.ក",,
ភូមិ,3150905,ព្រែកបាក់១,"Prek Bak Muoy","ប្រកាសលេខ​ ១២៣ ប្រ.ក ចុះថ្ងៃទី ០៩​ មករា ២០២៣ របស់ ក្រសួងមហាផ្ទៃ",,
ភូមិ,3150906,ព្រែកបាក់២,"Prek Bak Pi","ប្រកាសលេខ​ ១២៣ ប្រ.ក ចុះថ្ងៃទី ០៩​ មករា ២០២៣ របស់ ក្រសួងមហាផ្ទៃ",,
ឃុំ,31510,ព្រែកកក់,"Preak Kak","ប្រកាសលេខ ៤៩៣ ប្រ.ក",,
ភូមិ,3151001,អណ្ដូងពេជ្រ,"Andoung Pech","លេខ ៤៩៣ ប្រ.ក",,
ភូមិ,3151002,"មាឃ ១","Meakh Muoy","លេខ ៤៩៣ ប្រ.ក",,
ភូមិ,3151003,"មាឃ ២","Meakh Pir","លេខ ៤៩៣ ប្រ.ក",,
ភូមិ,3151004,ត្នោតតាសាយ,"Tnaot Ta Say","លេខ ៤៩៣ ប្រ.ក",,
ភូមិ,3151005,បឹងកាចូត,"Boeng Kachout","លេខ ៤៩៣ ប្រ.ក",,
ភូមិ,3151006,"អូរប្រាំទី ២","Ou Pram Ti Pir","លេខ ៤៩៣ ប្រ.ក","កែឈ្មោះពី អូរប្រាំទីពីរ ទៅជា អូរប្រាំទី២",
ភូមិ,3151007,ទួលពោធិ៍,"Tuol Pou","លេខ ៤៩៣ ប្រ.ក",,
ភូមិ,3151008,ព្រះ,Preah,"លេខ ៤៩៣ ប្រ.ក",,
ភូមិ,3151009,ភ្នំមន្ទីរ,"Phnum Montir","លេខ ៤៩៣ ប្រ.ក",,
ភូមិ,3151010,ព្រែកបារាំង,"Preaek Barang","លេខ ៤៩៣ ប្រ.ក",,
ភូមិ,3151012,ភ្នំអំពិល,"Phnum Ampil","លេខ ៤៩៣ ប្រ.ក",,
ភូមិ,3151013,បឹងកេតលើ,"Boeng Ket Leu","លេខ ៤៩៣ ប្រ.ក",,
ភូមិ,3151014,បឹងកេតក្រោម,"Boeng Ket Kraom","លេខ ៤៩៣ ប្រ.ក",,
ភូមិ,3151015,"ភូមិ ៥៦","Phum Haprammuoy","លេខ ៤៩៣ ប្រ.ក",,
ភូមិ,3151016,ចេកជ្វា,"Chek Chvea","លេខ ៤៩៣ ប្រ.ក",,
ភូមិ,3151017,អូរចក,"Ou Chak","លេខ ៤៩៣ ប្រ.ក",,
ភូមិ,3151018,"ភូមិ គីឡូ ៣","Phum Kilou Bei","លេខ ៤៩៣ ប្រ.ក",,
ភូមិ,3151019,"ភូមិ ៣៥","Phum Sampram","លេខ ៤៩៣ ប្រ.ក",,
ភូមិ,3151020,"ភូមិ ៧០","Phum Chetseb","លេខ ៤៩៣ ប្រ.ក",,
ភូមិ,3151021,អូរប្រាំទី១,"Ou Pram Ti Muoy","លេខ ៤៩៣ ប្រ.ក",,
ភូមិ,3151022,"មាឃ ៣","Meakh Bei","លេខ ៤៩៣ ប្រ.ក",,
ភូមិ,3151023,អណ្ដូងស្វាយ,"Andoung Svay","លេខ ៤៩៣ ប្រ.ក",,
ភូមិ,3151024,បឹងដែង១,"Boeng Deng Muoy","ប្រកាសលេខ​ ១២៣ ប្រ.ក ចុះថ្ងៃទី ០៩​ មករា ២០២៣ របស់ ក្រសួងមហាផ្ទៃ",,
ភូមិ,3151025,បឹងដែង២,"Boeng Deng Pi","ប្រកាសលេខ​ ១២៣ ប្រ.ក ចុះថ្ងៃទី ០៩​ មករា ២០២៣ របស់ ក្រសួងមហាផ្ទៃ",,
ឃុំ,31512,សូភាស,Soupheas,"ប្រកាសលេខ ៤៩៣ ប្រ.ក",,
ភូមិ,3151201,សូភាស,Soupheas,"លេខ ៤៩៣ ប្រ.ក",,
ភូមិ,3151202,អង្កោល,Angkaol,"លេខ ៤៩៣ ប្រ.ក",,
ភូមិ,3151203,ស្រប,Srab,"លេខ ៤៩៣ ប្រ.ក",,
ភូមិ,3151204,ប៉ប្រក,Paprak,"លេខ ៤៩៣ ប្រ.ក",,
ភូមិ,3151205,សំបូរ,Sambour,"លេខ ៤៩៣ ប្រ.ក",,
ភូមិ,3151206,ដីក្រហម,"Dei Kraham","លេខ ៤៩៣ ប្រ.ក",,
ភូមិ,3151207,ទ័ព,Toap,"លេខ ៤៩៣ ប្រ.ក",,
ឃុំ,31513,ទួលព្រះឃ្លាំង,"Tuol Preah Khleang","ប្រកាសលេខ ៤៩៣ ប្រ.ក",,
ភូមិ,3151301,ធំ,Thum,"លេខ ៤៩៣ ប្រ.ក",,
ភូមិ,3151302,ថ្មី,Thmei,"លេខ ៤៩៣ ប្រ.ក",,
ភូមិ,3151303,តាមើង,"Ta Meung","លេខ ៤៩៣ ប្រ.ក",,
ភូមិ,3151304,វត្ដ,Voat,"លេខ ៤៩៣ ប្រ.ក",,
ភូមិ,3151305,ដូនទរ,"Doun Tor","លេខ ៤៩៣ ប្រ.ក",,
ភូមិ,3151306,សំពៀងលើ,"Sampieng Leu","លេខ ៤៩៣ ប្រ.ក",,
ភូមិ,3151307,សំពៀងក្រោម,"Sampieng Kraom","លេខ ៤៩៣ ប្រ.ក",,
ឃុំ,31514,ទួលសំបួរ,"Tuol Sambuor","ប្រកាសលេខ ៤៩៣ ប្រ.ក",,
ភូមិ,3151401,ទួលសំបួរ,"Tuol Sambuor","លេខ ៤៩៣ ប្រ.ក",,
ភូមិ,3151402,ពោន,Poun,"លេខ ៤៩៣ ប្រ.ក",,
ភូមិ,3151403,ស្រែអំពៅ,"Srae Ampov","លេខ ៤៩៣ ប្រ.ក",,
ភូមិ,3151404,វាលព្រះ,"Veal Preah","លេខ ៤៩៣ ប្រ.ក",,
